residue.aa.from,residue.aa.to,potential,value
A,A,TCRen,-0.159821530034949
A,C,TCRen,-0.226424035393372
A,D,TCRen,0.921459302281521
A,E,TCRen,0.0440656365180366
A,F,TCRen,0.0183943326266271
A,G,TCRen,-0.119765661019945
A,H,TCRen,0.671517557812587
A,I,TCRen,0.380891709316793
A,K,TCRen,0.393391872081024
A,L,TCRen,-0.272010779845266
A,M,TCRen,0.63377722982974
A,N,TCRen,0.393391872081024
A,P,TCRen,0.261928732520561
A,Q,TCRen,-0.24554507684015
A,R,TCRen,0.0911110002080905
A,S,TCRen,-0.310684379011112
A,T,TCRen,-0.156219776720123
A,V,TCRen,0.0612580370584095
A,W,TCRen,-0.248306746642879
A,Y,TCRen,-0.379798016152458
D,A,TCRen,0.0291967380804728
D,C,TCRen,0.822795497945162
D,D,TCRen,1.27753165506011
D,E,TCRen,0.687820061748405
D,F,TCRen,0.0490442849705869
D,G,TCRen,-0.0690749577925393
D,H,TCRen,-0.0710223780769348
D,I,TCRen,0.603432669470858
D,K,TCRen,-0.826072135898807
D,L,TCRen,0.209224715887328
D,M,TCRen,0.142551722221124
D,N,TCRen,0.0563170442996668
D,P,TCRen,0.0426369403955867
D,Q,TCRen,0.0499026541220031
D,R,TCRen,-0.400114507400525
D,S,TCRen,0.450853081875641
D,T,TCRen,-0.330775675003705
D,V,TCRen,0.194186838522788
D,W,TCRen,0.261916285962967
D,Y,TCRen,-0.231365028152114
E,A,TCRen,-0.0807060361506047
E,C,TCRen,-0.0602971645193975
E,D,TCRen,1.08758617315549
E,E,TCRen,0.497874579843792
E,F,TCRen,1.36317619984225
E,G,TCRen,0.200511889681287
E,H,TCRen,-0.771793483747539
E,I,TCRen,0.0080220794580796
E,K,TCRen,-0.826775618164893
E,L,TCRen,-0.363713018273392
E,M,TCRen,0.512222028251933
E,N,TCRen,0.271836670503217
E,P,TCRen,0.322695087736708
E,Q,TCRen,-0.197201241622559
E,R,TCRen,-0.0304442013697164
E,S,TCRen,-0.144557508137138
E,T,TCRen,-0.172414462640104
E,V,TCRen,0.227384907932383
E,W,TCRen,0.477435912166517
E,Y,TCRen,-0.133628437604947
F,A,TCRen,0.151377030202414
F,C,TCRen,-0.0105356549603338
F,D,TCRen,0.038735394046449
F,E,TCRen,0.547636089402855
F,F,TCRen,0.0266433482814204
F,G,TCRen,0.250273399240351
F,H,TCRen,-0.498888422874266
F,I,TCRen,-0.229898483434638
F,K,TCRen,-0.238017607873142
F,L,TCRen,-0.113280813252177
F,M,TCRen,0.156518429702832
F,N,TCRen,-0.0838669280458833
F,P,TCRen,-0.416000763068498
F,Q,TCRen,0.663490484152833
F,R,TCRen,0.0193173081893474
F,S,TCRen,0.310669109530091
F,T,TCRen,0.282812155027125
F,V,TCRen,0.0540028661772375
F,W,TCRen,-0.165949758834364
F,Y,TCRen,-0.238017607873142
G,A,TCRen,0.0835970151406718
G,C,TCRen,0.104005886771879
G,D,TCRen,-0.000873744048596771
G,E,TCRen,-0.148752585081261
G,F,TCRen,-0.00399711983086501
G,G,TCRen,-0.170703295383799
G,H,TCRen,0.308800299417892
G,I,TCRen,-0.115356941702425
G,K,TCRen,0.436139721794493
G,L,TCRen,0.119043764136419
G,M,TCRen,-0.239765652330946
G,N,TCRen,-0.192468937627881
G,P,TCRen,-0.0436301120341857
G,Q,TCRen,-0.210579367568736
G,R,TCRen,-0.0202918299056984
G,S,TCRen,0.30742761560592
G,T,TCRen,0.336729074942902
G,V,TCRen,0.119754243740018
G,W,TCRen,0.156231147676093
G,Y,TCRen,-0.0871084219700544
H,A,TCRen,-0.368388108602386
H,C,TCRen,-0.753444345079343
H,D,TCRen,-0.70417329607256
H,E,TCRen,0.210192507392011
H,F,TCRen,0.264563911174138
H,G,TCRen,0.605976997789451
H,H,TCRen,0.144497248126616
H,I,TCRen,1.10663436812619
H,K,TCRen,-0.421310510056728
H,L,TCRen,0.647887893405088
H,M,TCRen,0.512222028251933
H,N,TCRen,-0.421310510056728
H,P,TCRen,0.545838639050918
H,Q,TCRen,-0.639033993901599
H,R,TCRen,1.06816808729839
H,S,TCRen,0.260907599971027
H,T,TCRen,0.926197826028006
H,V,TCRen,0.227384907932383
H,W,TCRen,-0.908858448953373
H,Y,TCRen,-0.644454061370938
I,A,TCRen,1.37458119645624
I,C,TCRen,-0.396769401140611
I,D,TCRen,0.0579667559743367
I,E,TCRen,0.566867451330743
I,F,TCRen,-0.582733949213066
I,G,TCRen,0.962651941728184
I,H,TCRen,0.501172192065348
I,I,TCRen,1.46330931206492
I,K,TCRen,0.62851161444195
I,L,TCRen,0.0882721054696656
I,M,TCRen,-0.740540940243435
I,N,TCRen,-0.757782746677941
I,P,TCRen,0.497048474881486
I,Q,TCRen,1.66355109909245
I,R,TCRen,0.73169585067718
I,S,TCRen,-0.0755646366501859
I,T,TCRen,-1.11502250283163
I,V,TCRen,-0.920017544905159
I,W,TCRen,-0.552183505014641
I,Y,TCRen,0.62851161444195
K,A,TCRen,-0.11707368032148
K,C,TCRen,-0.502129916798437
K,D,TCRen,-0.740540940243435
K,E,TCRen,-0.791256032822451
K,F,TCRen,1.61449062812315
K,G,TCRen,0.164144245510412
K,H,TCRen,-0.297335504152424
K,I,TCRen,0.259336507738986
K,K,TCRen,0.523151098784123
K,L,TCRen,0.206055141126049
K,M,TCRen,-0.335075832135271
K,N,TCRen,-0.169996081775822
K,P,TCRen,0.104005886771879
K,Q,TCRen,-0.0512473289994795
K,R,TCRen,-0.0668118455405914
K,S,TCRen,-0.586390260416177
K,T,TCRen,-0.208782106810978
K,V,TCRen,0.47869933621329
K,W,TCRen,0.0356031598874781
K,Y,TCRen,0.523151098784123
L,A,TCRen,-0.234856715977863
L,C,TCRen,0.296377779419335
L,D,TCRen,0.751113936534282
L,E,TCRen,0.161402343222579
L,F,TCRen,0.110413231346879
L,G,TCRen,0.151721725511855
L,H,TCRen,1.19431937262529
L,I,TCRen,-0.733915265271298
L,K,TCRen,0.223046506333785
L,L,TCRen,0.311415656783875
L,M,TCRen,-0.229715316477444
L,N,TCRen,-0.0646355661179958
L,P,TCRen,-0.196098705678459
L,Q,TCRen,-0.128208370135608
L,R,TCRen,1.01937792312896
L,S,TCRen,0.212117435801595
L,T,TCRen,-0.326565142467362
L,V,TCRen,-0.427541059807364
L,W,TCRen,0.83411085610525
L,Y,TCRen,0.223046506333785
M,A,TCRen,0.344961779275079
M,C,TCRen,-0.733241637761824
M,D,TCRen,-0.278505480646876
M,E,TCRen,-0.175069893398634
M,F,TCRen,0.284766618491657
M,G,TCRen,0.220714596998806
M,H,TCRen,-0.52844722511581
M,I,TCRen,0.0282247867755991
M,K,TCRen,0.292039377820737
M,L,TCRen,-0.248200131151547
M,M,TCRen,0.532424735569452
M,N,TCRen,0.292039377820737
M,P,TCRen,0.160576238260273
M,Q,TCRen,-0.0592154986486565
M,R,TCRen,-0.0102414940521969
M,S,TCRen,0.281110307288546
M,T,TCRen,-0.152211755322584
M,V,TCRen,-0.445559565310042
M,W,TCRen,0.497638619484037
M,Y,TCRen,-0.113425730287428
N,A,TCRen,-0.104305951491478
N,C,TCRen,1.1688658886351
N,D,TCRen,0.0141641333159437
N,E,TCRen,0.0530611994266144
N,F,TCRen,0.0666106086884861
N,G,TCRen,0.00255858719563571
N,H,TCRen,0.120897332785742
N,I,TCRen,0.138572843944464
N,K,TCRen,-0.331581740090598
N,L,TCRen,0.00524876965799134
N,M,TCRen,-0.0503743878216275
N,N,TCRen,-0.00307767311856234
N,P,TCRen,-0.0968004846961788
N,Q,TCRen,-0.236549513931572
N,R,TCRen,-0.100564132345483
N,S,TCRen,-0.38173152377607
N,T,TCRen,-0.0959309194239945
N,V,TCRen,0.763400780526933
N,W,TCRen,0.790308233446857
N,Y,TCRen,0.179243883675392
P,A,TCRen,1.44357406794319
P,C,TCRen,-0.327776529653659
P,D,TCRen,-0.278505480646876
P,E,TCRen,0.23039521470953
P,F,TCRen,-0.00291545396012413
P,G,TCRen,-0.221118155280233
P,H,TCRen,0.5701650635523
P,I,TCRen,0.146007822431982
P,K,TCRen,0.292039377820737
P,L,TCRen,-0.179207259664596
P,M,TCRen,-0.671548068756484
P,N,TCRen,-0.401107802739209
P,P,TCRen,0.971506454476602
P,Q,TCRen,0.346249609459508
P,R,TCRen,0.107541541604186
P,S,TCRen,-0.00657176516323452
P,T,TCRen,-0.439893827774365
P,V,TCRen,-0.263238008516088
P,W,TCRen,-0.706334184841899
P,Y,TCRen,0.292039377820737
Q,A,TCRen,-0.0533858610642212
Q,C,TCRen,-0.28429141771392
Q,D,TCRen,0.0162940595737687
Q,E,TCRen,-0.0938444534760484
Q,F,TCRen,-0.113581021847643
Q,G,TCRen,-0.4289474716214
Q,H,TCRen,-0.367179077519688
Q,I,TCRen,-0.0336506169424883
Q,K,TCRen,0.453307525416859
Q,L,TCRen,-0.226693925930584
Q,M,TCRen,0.28822777505741
Q,N,TCRen,0.74098959786864
Q,P,TCRen,0.241801678182859
Q,Q,TCRen,1.26520345875315
Q,R,TCRen,-0.0721168977702844
Q,S,TCRen,0.0369133467765042
Q,T,TCRen,0.00905639227353814
Q,V,TCRen,-0.456141674640579
Q,W,TCRen,0.43576321576595
Q,Y,TCRen,0.0478424173086945
R,A,TCRen,0.285447651742671
R,C,TCRen,-0.898116280952057
R,D,TCRen,-0.338019608179284
R,E,TCRen,-0.767388551415808
R,F,TCRen,-0.350111653944313
R,G,TCRen,0.566665577574563
R,H,TCRen,0.222968863568111
R,I,TCRen,0.961962432253475
R,K,TCRen,0.637990358396493
R,L,TCRen,-0.0274122935297965
R,M,TCRen,0.878375716145209
R,N,TCRen,-0.20930750199071
R,P,TCRen,-0.291980477381742
R,Q,TCRen,-0.118729626181064
R,R,TCRen,-0.0320152936017577
R,S,TCRen,-0.353767965147423
R,T,TCRen,-0.00693147020897873
R,V,TCRen,0.775860152619614
R,W,TCRen,0.555907527608013
R,Y,TCRen,-0.0551568221634519
S,A,TCRen,-0.0626108111726498
S,C,TCRen,0.417330389836997
S,D,TCRen,-0.226545741716165
S,E,TCRen,0.128204273812983
S,F,TCRen,0.00822229045033187
S,G,TCRen,-0.0558297310425186
S,H,TCRen,0.622124802483011
S,I,TCRen,-0.164937932326675
S,K,TCRen,-0.166826507014543
S,L,TCRen,0.0269031590933734
S,M,TCRen,-0.021751329070152
S,N,TCRen,0.343999116751448
S,P,TCRen,-0.19292913091718
S,Q,TCRen,-0.00725575971794553
S,R,TCRen,-0.326006535246803
S,S,TCRen,0.0453879737674766
S,T,TCRen,0.710678199824456
S,V,TCRen,0.219504646507077
S,W,TCRen,-0.143548822145197
S,Y,TCRen,0.263956409077911
T,A,TCRen,0.0376001488768523
T,C,TCRen,0.831198908741541
T,D,TCRen,1.28593506585649
T,E,TCRen,0.0900876689744694
T,F,TCRen,0.00338047449669071
T,G,TCRen,-0.483528397816193
T,H,TCRen,-0.0626189672805554
T,I,TCRen,-0.199094135949091
T,K,TCRen,0.352402527547827
T,L,TCRen,-0.0700539457680733
T,M,TCRen,-0.205719810921229
T,N,TCRen,0.247042011890001
T,P,TCRen,-0.00958427062446867
T,Q,TCRen,0.0583060649183827
T,R,TCRen,0.350226248125232
T,S,TCRen,-0.100359295263402
T,T,TCRen,0.11294580705052
T,V,TCRen,-0.202874858788997
T,W,TCRen,0.116169016932088
T,Y,TCRen,0.0647204550960462
V,A,TCRen,0.527283336069034
V,C,TCRen,-0.145454972859704
V,D,TCRen,0.309281184255243
V,E,TCRen,0.412716771503485
V,F,TCRen,0.179406102833831
V,G,TCRen,0.11535408134098
V,H,TCRen,-0.346125668321856
V,I,TCRen,-0.482600836990392
V,K,TCRen,-0.218786245945254
V,L,TCRen,0.157264976956617
V,M,TCRen,0.0215991118034617
V,N,TCRen,-0.218786245945254
V,P,TCRen,0.748362903162392
V,Q,TCRen,-0.164576014306483
V,R,TCRen,0.577545170849922
V,S,TCRen,0.17574979163072
V,T,TCRen,-0.663037379088575
V,V,TCRen,-0.0809164517221332
V,W,TCRen,-0.0131870042819537
V,Y,TCRen,-0.218786245945254
W,A,TCRen,-0.890616364466188
W,C,TCRen,-0.647063941520771
W,D,TCRen,-0.415471335720034
W,E,TCRen,1.00972009151053
W,F,TCRen,-0.139881309033282
W,G,TCRen,0.712357401348023
W,H,TCRen,0.250877651685188
W,I,TCRen,0.114402483016651
W,K,TCRen,-0.800437922279857
W,L,TCRen,0.53112474564945
W,M,TCRen,0.618602431810505
W,N,TCRen,-0.314930106498156
W,P,TCRen,-0.0409281379504556
W,Q,TCRen,0.720109378152341
W,R,TCRen,0.48140131029702
W,S,TCRen,-0.325859177030346
W,T,TCRen,-0.0660340590815319
W,V,TCRen,-0.0716997966172092
W,W,TCRen,-0.332474416149066
W,Y,TCRen,1.07136425462173
Y,A,TCRen,0.13834752991208
Y,C,TCRen,0.564221509651451
Y,D,TCRen,-0.485119730009875
Y,E,TCRen,-0.0815795503112956
Y,F,TCRen,-0.0917466676667398
Y,G,TCRen,0.419565455743972
Y,H,TCRen,-0.409639074044181
Y,I,TCRen,-0.140649134604553
Y,K,TCRen,1.02988673729859
Y,L,TCRen,-0.0821390952293731
Y,M,TCRen,-0.0419142939188642
Y,N,TCRen,0.0854251284577374
Y,P,TCRen,-0.00829768311987916
Y,Q,TCRen,-0.0145153197307496
Y,R,TCRen,-0.0565130933400167
Y,S,TCRen,0.479961166033712
Y,T,TCRen,0.539115588520375
Y,V,TCRen,-0.204149092146081
Y,W,TCRen,-0.556273490266166
Y,Y,TCRen,-0.0687255513695208
A,A,MJ,-2.72
A,C,MJ,-3.57
A,D,MJ,-1.7
A,E,MJ,-1.51
A,F,MJ,-4.81
A,G,MJ,-2.31
A,H,MJ,-2.41
A,I,MJ,-4.58
A,K,MJ,-1.31
A,L,MJ,-4.91
A,M,MJ,-3.94
A,N,MJ,-1.84
A,P,MJ,-2.03
A,Q,MJ,-1.89
A,R,MJ,-1.83
A,S,MJ,-2.01
A,T,MJ,-2.32
A,V,MJ,-4.04
A,W,MJ,-3.82
A,Y,MJ,-3.36
C,A,MJ,-3.57
C,C,MJ,-5.44
C,D,MJ,-2.41
C,E,MJ,-2.27
C,F,MJ,-5.8
C,G,MJ,-3.16
C,H,MJ,-3.6
C,I,MJ,-5.5
C,K,MJ,-1.95
C,L,MJ,-5.83
C,M,MJ,-4.99
C,N,MJ,-2.59
C,P,MJ,-3.07
C,Q,MJ,-2.85
C,R,MJ,-2.57
C,S,MJ,-2.86
C,T,MJ,-3.11
C,V,MJ,-4.96
C,W,MJ,-4.95
C,Y,MJ,-4.16
D,A,MJ,-1.7
D,C,MJ,-2.41
D,D,MJ,-1.21
D,E,MJ,-1.02
D,F,MJ,-3.48
D,G,MJ,-1.59
D,H,MJ,-2.32
D,I,MJ,-3.17
D,K,MJ,-1.68
D,L,MJ,-3.4
D,M,MJ,-2.57
D,N,MJ,-1.68
D,P,MJ,-1.33
D,Q,MJ,-1.46
D,R,MJ,-2.29
D,S,MJ,-1.63
D,T,MJ,-1.8
D,V,MJ,-2.48
D,W,MJ,-2.84
D,Y,MJ,-2.76
E,A,MJ,-1.51
E,C,MJ,-2.27
E,D,MJ,-1.02
E,E,MJ,-0.91
E,F,MJ,-3.56
E,G,MJ,-1.22
E,H,MJ,-2.15
E,I,MJ,-3.27
E,K,MJ,-1.8
E,L,MJ,-3.59
E,M,MJ,-2.89
E,N,MJ,-1.51
E,P,MJ,-1.26
E,Q,MJ,-1.42
E,R,MJ,-2.27
E,S,MJ,-1.48
E,T,MJ,-1.74
E,V,MJ,-2.67
E,W,MJ,-2.99
E,Y,MJ,-2.79
F,A,MJ,-4.81
F,C,MJ,-5.8
F,D,MJ,-3.48
F,E,MJ,-3.56
F,F,MJ,-7.26
F,G,MJ,-4.13
F,H,MJ,-4.77
F,I,MJ,-6.84
F,K,MJ,-3.36
F,L,MJ,-7.28
F,M,MJ,-6.56
F,N,MJ,-3.75
F,P,MJ,-4.25
F,Q,MJ,-4.1
F,R,MJ,-3.98
F,S,MJ,-4.02
F,T,MJ,-4.28
F,V,MJ,-6.29
F,W,MJ,-6.16
F,Y,MJ,-5.66
G,A,MJ,-2.31
G,C,MJ,-3.16
G,D,MJ,-1.59
G,E,MJ,-1.22
G,F,MJ,-4.13
G,G,MJ,-2.24
G,H,MJ,-2.15
G,I,MJ,-3.78
G,K,MJ,-1.15
G,L,MJ,-4.16
G,M,MJ,-3.39
G,N,MJ,-1.74
G,P,MJ,-1.87
G,Q,MJ,-1.66
G,R,MJ,-1.72
G,S,MJ,-1.82
G,T,MJ,-2.08
G,V,MJ,-3.38
G,W,MJ,-3.42
G,Y,MJ,-3.01
H,A,MJ,-2.41
H,C,MJ,-3.6
H,D,MJ,-2.32
H,E,MJ,-2.15
H,F,MJ,-4.77
H,G,MJ,-2.15
H,H,MJ,-3.05
H,I,MJ,-4.14
H,K,MJ,-1.35
H,L,MJ,-4.54
H,M,MJ,-3.98
H,N,MJ,-2.08
H,P,MJ,-2.25
H,Q,MJ,-1.98
H,R,MJ,-2.16
H,S,MJ,-2.11
H,T,MJ,-2.42
H,V,MJ,-3.58
H,W,MJ,-3.98
H,Y,MJ,-3.52
I,A,MJ,-4.58
I,C,MJ,-5.5
I,D,MJ,-3.17
I,E,MJ,-3.27
I,F,MJ,-6.84
I,G,MJ,-3.78
I,H,MJ,-4.14
I,I,MJ,-6.54
I,K,MJ,-3.01
I,L,MJ,-7.04
I,M,MJ,-6.02
I,N,MJ,-3.24
I,P,MJ,-3.76
I,Q,MJ,-3.67
I,R,MJ,-3.63
I,S,MJ,-3.52
I,T,MJ,-4.03
I,V,MJ,-6.05
I,W,MJ,-5.78
I,Y,MJ,-5.25
K,A,MJ,-1.31
K,C,MJ,-1.95
K,D,MJ,-1.68
K,E,MJ,-1.8
K,F,MJ,-3.36
K,G,MJ,-1.15
K,H,MJ,-1.35
K,I,MJ,-3.01
K,K,MJ,-0.12
K,L,MJ,-3.37
K,M,MJ,-2.48
K,N,MJ,-1.21
K,P,MJ,-0.97
K,Q,MJ,-1.29
K,R,MJ,-0.59
K,S,MJ,-1.05
K,T,MJ,-1.31
K,V,MJ,-2.49
K,W,MJ,-2.69
K,Y,MJ,-2.6
L,A,MJ,-4.91
L,C,MJ,-5.83
L,D,MJ,-3.4
L,E,MJ,-3.59
L,F,MJ,-7.28
L,G,MJ,-4.16
L,H,MJ,-4.54
L,I,MJ,-7.04
L,K,MJ,-3.37
L,L,MJ,-7.37
L,M,MJ,-6.41
L,N,MJ,-3.74
L,P,MJ,-4.2
L,Q,MJ,-4.04
L,R,MJ,-4.03
L,S,MJ,-3.92
L,T,MJ,-4.34
L,V,MJ,-6.48
L,W,MJ,-6.14
L,Y,MJ,-5.67
M,A,MJ,-3.94
M,C,MJ,-4.99
M,D,MJ,-2.57
M,E,MJ,-2.89
M,F,MJ,-6.56
M,G,MJ,-3.39
M,H,MJ,-3.98
M,I,MJ,-6.02
M,K,MJ,-2.48
M,L,MJ,-6.41
M,M,MJ,-5.46
M,N,MJ,-2.95
M,P,MJ,-3.45
M,Q,MJ,-3.3
M,R,MJ,-3.12
M,S,MJ,-3.03
M,T,MJ,-3.51
M,V,MJ,-5.32
M,W,MJ,-5.55
M,Y,MJ,-4.91
N,A,MJ,-1.84
N,C,MJ,-2.59
N,D,MJ,-1.68
N,E,MJ,-1.51
N,F,MJ,-3.75
N,G,MJ,-1.74
N,H,MJ,-2.08
N,I,MJ,-3.24
N,K,MJ,-1.21
N,L,MJ,-3.74
N,M,MJ,-2.95
N,N,MJ,-1.68
N,P,MJ,-1.53
N,Q,MJ,-1.71
N,R,MJ,-1.64
N,S,MJ,-1.58
N,T,MJ,-1.88
N,V,MJ,-2.83
N,W,MJ,-3.07
N,Y,MJ,-2.76
P,A,MJ,-2.03
P,C,MJ,-3.07
P,D,MJ,-1.33
P,E,MJ,-1.26
P,F,MJ,-4.25
P,G,MJ,-1.87
P,H,MJ,-2.25
P,I,MJ,-3.76
P,K,MJ,-0.97
P,L,MJ,-4.2
P,M,MJ,-3.45
P,N,MJ,-1.53
P,P,MJ,-1.75
P,Q,MJ,-1.73
P,R,MJ,-1.7
P,S,MJ,-1.57
P,T,MJ,-1.9
P,V,MJ,-3.32
P,W,MJ,-3.73
P,Y,MJ,-3.19
Q,A,MJ,-1.89
Q,C,MJ,-2.85
Q,D,MJ,-1.46
Q,E,MJ,-1.42
Q,F,MJ,-4.1
Q,G,MJ,-1.66
Q,H,MJ,-1.98
Q,I,MJ,-3.67
Q,K,MJ,-1.29
Q,L,MJ,-4.04
Q,M,MJ,-3.3
Q,N,MJ,-1.71
Q,P,MJ,-1.73
Q,Q,MJ,-1.54
Q,R,MJ,-1.8
Q,S,MJ,-1.49
Q,T,MJ,-1.9
Q,V,MJ,-3.07
Q,W,MJ,-3.11
Q,Y,MJ,-2.97
R,A,MJ,-1.83
R,C,MJ,-2.57
R,D,MJ,-2.29
R,E,MJ,-2.27
R,F,MJ,-3.98
R,G,MJ,-1.72
R,H,MJ,-2.16
R,I,MJ,-3.63
R,K,MJ,-0.59
R,L,MJ,-4.03
R,M,MJ,-3.12
R,N,MJ,-1.64
R,P,MJ,-1.7
R,Q,MJ,-1.8
R,R,MJ,-1.55
R,S,MJ,-1.62
R,T,MJ,-1.9
R,V,MJ,-3.07
R,W,MJ,-3.41
R,Y,MJ,-3.16
S,A,MJ,-2.01
S,C,MJ,-2.86
S,D,MJ,-1.63
S,E,MJ,-1.48
S,F,MJ,-4.02
S,G,MJ,-1.82
S,H,MJ,-2.11
S,I,MJ,-3.52
S,K,MJ,-1.05
S,L,MJ,-3.92
S,M,MJ,-3.03
S,N,MJ,-1.58
S,P,MJ,-1.57
S,Q,MJ,-1.49
S,R,MJ,-1.62
S,S,MJ,-1.67
S,T,MJ,-1.96
S,V,MJ,-3.05
S,W,MJ,-2.99
S,Y,MJ,-2.78
T,A,MJ,-2.32
T,C,MJ,-3.11
T,D,MJ,-1.8
T,E,MJ,-1.74
T,F,MJ,-4.28
T,G,MJ,-2.08
T,H,MJ,-2.42
T,I,MJ,-4.03
T,K,MJ,-1.31
T,L,MJ,-4.34
T,M,MJ,-3.51
T,N,MJ,-1.88
T,P,MJ,-1.9
T,Q,MJ,-1.9
T,R,MJ,-1.9
T,S,MJ,-1.96
T,T,MJ,-2.12
T,V,MJ,-3.46
T,W,MJ,-3.22
T,Y,MJ,-3.01
V,A,MJ,-4.04
V,C,MJ,-4.96
V,D,MJ,-2.48
V,E,MJ,-2.67
V,F,MJ,-6.29
V,G,MJ,-3.38
V,H,MJ,-3.58
V,I,MJ,-6.05
V,K,MJ,-2.49
V,L,MJ,-6.48
V,M,MJ,-5.32
V,N,MJ,-2.83
V,P,MJ,-3.32
V,Q,MJ,-3.07
V,R,MJ,-3.07
V,S,MJ,-3.05
V,T,MJ,-3.46
V,V,MJ,-5.52
V,W,MJ,-5.18
V,Y,MJ,-4.62
W,A,MJ,-3.82
W,C,MJ,-4.95
W,D,MJ,-2.84
W,E,MJ,-2.99
W,F,MJ,-6.16
W,G,MJ,-3.42
W,H,MJ,-3.98
W,I,MJ,-5.78
W,K,MJ,-2.69
W,L,MJ,-6.14
W,M,MJ,-5.55
W,N,MJ,-3.07
W,P,MJ,-3.73
W,Q,MJ,-3.11
W,R,MJ,-3.41
W,S,MJ,-2.99
W,T,MJ,-3.22
W,V,MJ,-5.18
W,W,MJ,-5.06
W,Y,MJ,-4.66
Y,A,MJ,-3.36
Y,C,MJ,-4.16
Y,D,MJ,-2.76
Y,E,MJ,-2.79
Y,F,MJ,-5.66
Y,G,MJ,-3.01
Y,H,MJ,-3.52
Y,I,MJ,-5.25
Y,K,MJ,-2.6
Y,L,MJ,-5.67
Y,M,MJ,-4.91
Y,N,MJ,-2.76
Y,P,MJ,-3.19
Y,Q,MJ,-2.97
Y,R,MJ,-3.16
Y,S,MJ,-2.78
Y,T,MJ,-3.01
Y,V,MJ,-4.62
Y,W,MJ,-4.66
Y,Y,MJ,-4.17
A,A,Keskin,-3.51
A,C,Keskin,-3.99
A,D,Keskin,-2.74
A,E,Keskin,-2.69
A,F,Keskin,-4.43
A,G,Keskin,-2.24
A,H,Keskin,-3.29
A,I,Keskin,-4.45
A,K,Keskin,-1.91
A,L,Keskin,-5.02
A,M,Keskin,-4.42
A,N,Keskin,-2.06
A,P,Keskin,-1.78
A,Q,Keskin,-3.65
A,R,Keskin,-3.26
A,S,Keskin,-2.49
A,T,Keskin,-2.38
A,V,Keskin,-3.86
A,W,Keskin,-4.66
A,Y,Keskin,-3.96
C,A,Keskin,-3.99
C,C,Keskin,-7.23
C,D,Keskin,-3.56
C,E,Keskin,-3.02
C,F,Keskin,-4.81
C,G,Keskin,-3.43
C,H,Keskin,-4.79
C,I,Keskin,-5.53
C,K,Keskin,-2.28
C,L,Keskin,-6.13
C,M,Keskin,-5.07
C,N,Keskin,-1.76
C,P,Keskin,-2.97
C,Q,Keskin,-4.37
C,R,Keskin,-4.41
C,S,Keskin,-3.41
C,T,Keskin,-2.92
C,V,Keskin,-4.82
C,W,Keskin,-4.7
C,Y,Keskin,-4.71
D,A,Keskin,-2.74
D,C,Keskin,-3.56
D,D,Keskin,-2.47
D,E,Keskin,-2.35
D,F,Keskin,-3.52
D,G,Keskin,-1.84
D,H,Keskin,-2.93
D,I,Keskin,-3.46
D,K,Keskin,-2.47
D,L,Keskin,-4.16
D,M,Keskin,-3.69
D,N,Keskin,-2.5
D,P,Keskin,-1.24
D,Q,Keskin,-3.15
D,R,Keskin,-3.92
D,S,Keskin,-2.34
D,T,Keskin,-2.41
D,V,Keskin,-3.28
D,W,Keskin,-3.81
D,Y,Keskin,-3.63
E,A,Keskin,-2.69
E,C,Keskin,-3.02
E,D,Keskin,-2.35
E,E,Keskin,-2.85
E,F,Keskin,-4.1
E,G,Keskin,-1.58
E,H,Keskin,-3.15
E,I,Keskin,-3.99
E,K,Keskin,-2.83
E,L,Keskin,-4.35
E,M,Keskin,-3.76
E,N,Keskin,-2.43
E,P,Keskin,-1.7
E,Q,Keskin,-3.45
E,R,Keskin,-4.05
E,S,Keskin,-2.57
E,T,Keskin,-2.34
E,V,Keskin,-3.2
E,W,Keskin,-3.84
E,Y,Keskin,-3.62
F,A,Keskin,-4.43
F,C,Keskin,-4.81
F,D,Keskin,-3.52
F,E,Keskin,-4.1
F,F,Keskin,-6.45
F,G,Keskin,-3.76
F,H,Keskin,-3.82
F,I,Keskin,-6.11
F,K,Keskin,-2.7
F,L,Keskin,-6.65
F,M,Keskin,-5.58
F,N,Keskin,-3.89
F,P,Keskin,-3.46
F,Q,Keskin,-4.89
F,R,Keskin,-4.51
F,S,Keskin,-4.01
F,T,Keskin,-3.85
F,V,Keskin,-5.33
F,W,Keskin,-5.72
F,Y,Keskin,-5.33
G,A,Keskin,-2.24
G,C,Keskin,-3.43
G,D,Keskin,-1.84
G,E,Keskin,-1.58
G,F,Keskin,-3.76
G,G,Keskin,-1.77
G,H,Keskin,-2.47
G,I,Keskin,-3.5
G,K,Keskin,-1.32
G,L,Keskin,-3.79
G,M,Keskin,-3.02
G,N,Keskin,-1.63
G,P,Keskin,-1.01
G,Q,Keskin,-3.02
G,R,Keskin,-2.71
G,S,Keskin,-1.68
G,T,Keskin,-1.81
G,V,Keskin,-2.77
G,W,Keskin,-3.77
G,Y,Keskin,-3.34
H,A,Keskin,-3.29
H,C,Keskin,-4.79
H,D,Keskin,-2.93
H,E,Keskin,-3.15
H,F,Keskin,-3.82
H,G,Keskin,-2.47
H,H,Keskin,-3.08
H,I,Keskin,-4.55
H,K,Keskin,-2.14
H,L,Keskin,-4.85
H,M,Keskin,-4.47
H,N,Keskin,-3.05
H,P,Keskin,-1.8
H,Q,Keskin,-4.2
H,R,Keskin,-3.24
H,S,Keskin,-3.12
H,T,Keskin,-2.73
H,V,Keskin,-4.14
H,W,Keskin,-4.5
H,Y,Keskin,-3.78
I,A,Keskin,-4.45
I,C,Keskin,-5.53
I,D,Keskin,-3.46
I,E,Keskin,-3.99
I,F,Keskin,-6.11
I,G,Keskin,-3.5
I,H,Keskin,-4.55
I,I,Keskin,-5.97
I,K,Keskin,-2.88
I,L,Keskin,-6.67
I,M,Keskin,-5.37
I,N,Keskin,-3.42
I,P,Keskin,-3.09
I,Q,Keskin,-4.65
I,R,Keskin,-4.29
I,S,Keskin,-3.47
I,T,Keskin,-3.61
I,V,Keskin,-5.31
I,W,Keskin,-5.79
I,Y,Keskin,-5.39
K,A,Keskin,-1.91
K,C,Keskin,-2.28
K,D,Keskin,-2.47
K,E,Keskin,-2.83
K,F,Keskin,-2.7
K,G,Keskin,-1.32
K,H,Keskin,-2.14
K,I,Keskin,-2.88
K,K,Keskin,-1.02
K,L,Keskin,-3.24
K,M,Keskin,-2.36
K,N,Keskin,-1.63
K,P,Keskin,-0.5
K,Q,Keskin,-2.56
K,R,Keskin,-2.11
K,S,Keskin,-1.91
K,T,Keskin,-1.64
K,V,Keskin,-2.19
K,W,Keskin,-3.12
K,Y,Keskin,-2.64
L,A,Keskin,-5.02
L,C,Keskin,-6.13
L,D,Keskin,-4.16
L,E,Keskin,-4.35
L,F,Keskin,-6.65
L,G,Keskin,-3.79
L,H,Keskin,-4.85
L,I,Keskin,-6.67
L,K,Keskin,-3.24
L,L,Keskin,-7.16
L,M,Keskin,-6.24
L,N,Keskin,-3.94
L,P,Keskin,-3.75
L,Q,Keskin,-5.36
L,R,Keskin,-5.01
L,S,Keskin,-4.12
L,T,Keskin,-4.28
L,V,Keskin,-6.03
L,W,Keskin,-6.4
L,Y,Keskin,-5.67
M,A,Keskin,-4.42
M,C,Keskin,-5.07
M,D,Keskin,-3.69
M,E,Keskin,-3.76
M,F,Keskin,-5.58
M,G,Keskin,-3.02
M,H,Keskin,-4.47
M,I,Keskin,-5.37
M,K,Keskin,-2.36
M,L,Keskin,-6.24
M,M,Keskin,-5.89
M,N,Keskin,-3.05
M,P,Keskin,-3.11
M,Q,Keskin,-4.46
M,R,Keskin,-4.13
M,S,Keskin,-3.33
M,T,Keskin,-3.33
M,V,Keskin,-5.16
M,W,Keskin,-5.49
M,Y,Keskin,-5.01
N,A,Keskin,-2.06
N,C,Keskin,-1.76
N,D,Keskin,-2.5
N,E,Keskin,-2.43
N,F,Keskin,-3.89
N,G,Keskin,-1.63
N,H,Keskin,-3.05
N,I,Keskin,-3.42
N,K,Keskin,-1.63
N,L,Keskin,-3.94
N,M,Keskin,-3.05
N,N,Keskin,-1.99
N,P,Keskin,-1.01
N,Q,Keskin,-3
N,R,Keskin,-2.67
N,S,Keskin,-2.13
N,T,Keskin,-2.05
N,V,Keskin,-2.76
N,W,Keskin,-3.31
N,Y,Keskin,-3.14
P,A,Keskin,-1.78
P,C,Keskin,-2.97
P,D,Keskin,-1.24
P,E,Keskin,-1.7
P,F,Keskin,-3.46
P,G,Keskin,-1.01
P,H,Keskin,-1.8
P,I,Keskin,-3.09
P,K,Keskin,-0.5
P,L,Keskin,-3.75
P,M,Keskin,-3.11
P,N,Keskin,-1.01
P,P,Keskin,-0.83
P,Q,Keskin,-2.67
P,R,Keskin,-2.43
P,S,Keskin,-1.56
P,T,Keskin,-1.24
P,V,Keskin,-2.43
P,W,Keskin,-3.96
P,Y,Keskin,-2.92
Q,A,Keskin,-3.65
Q,C,Keskin,-4.37
Q,D,Keskin,-3.15
Q,E,Keskin,-3.45
Q,F,Keskin,-4.89
Q,G,Keskin,-3.02
Q,H,Keskin,-4.2
Q,I,Keskin,-4.65
Q,K,Keskin,-2.56
Q,L,Keskin,-5.36
Q,M,Keskin,-4.46
Q,N,Keskin,-3
Q,P,Keskin,-2.67
Q,Q,Keskin,-4.71
Q,R,Keskin,-4.13
Q,S,Keskin,-3.06
Q,T,Keskin,-3.44
Q,V,Keskin,-4.29
Q,W,Keskin,-4.87
Q,Y,Keskin,-4.75
R,A,Keskin,-3.26
R,C,Keskin,-4.41
R,D,Keskin,-3.92
R,E,Keskin,-4.05
R,F,Keskin,-4.51
R,G,Keskin,-2.71
R,H,Keskin,-3.24
R,I,Keskin,-4.29
R,K,Keskin,-2.11
R,L,Keskin,-5.01
R,M,Keskin,-4.13
R,N,Keskin,-2.67
R,P,Keskin,-2.43
R,Q,Keskin,-4.13
R,R,Keskin,-3.98
R,S,Keskin,-2.78
R,T,Keskin,-2.43
R,V,Keskin,-3.7
R,W,Keskin,-4.54
R,Y,Keskin,-4.32
S,A,Keskin,-2.49
S,C,Keskin,-3.41
S,D,Keskin,-2.34
S,E,Keskin,-2.57
S,F,Keskin,-4.01
S,G,Keskin,-1.68
S,H,Keskin,-3.12
S,I,Keskin,-3.47
S,K,Keskin,-1.91
S,L,Keskin,-4.12
S,M,Keskin,-3.33
S,N,Keskin,-2.13
S,P,Keskin,-1.56
S,Q,Keskin,-3.06
S,R,Keskin,-2.78
S,S,Keskin,-2.14
S,T,Keskin,-2.22
S,V,Keskin,-2.95
S,W,Keskin,-2.86
S,Y,Keskin,-3.43
T,A,Keskin,-2.38
T,C,Keskin,-2.92
T,D,Keskin,-2.41
T,E,Keskin,-2.34
T,F,Keskin,-3.85
T,G,Keskin,-1.81
T,H,Keskin,-2.73
T,I,Keskin,-3.61
T,K,Keskin,-1.64
T,L,Keskin,-4.28
T,M,Keskin,-3.33
T,N,Keskin,-2.05
T,P,Keskin,-1.24
T,Q,Keskin,-3.44
T,R,Keskin,-2.43
T,S,Keskin,-2.22
T,T,Keskin,-2.12
T,V,Keskin,-2.87
T,W,Keskin,-3.48
T,Y,Keskin,-3.33
V,A,Keskin,-3.86
V,C,Keskin,-4.82
V,D,Keskin,-3.28
V,E,Keskin,-3.2
V,F,Keskin,-5.33
V,G,Keskin,-2.77
V,H,Keskin,-4.14
V,I,Keskin,-5.31
V,K,Keskin,-2.19
V,L,Keskin,-6.03
V,M,Keskin,-5.16
V,N,Keskin,-2.76
V,P,Keskin,-2.43
V,Q,Keskin,-4.29
V,R,Keskin,-3.7
V,S,Keskin,-2.95
V,T,Keskin,-2.87
V,V,Keskin,-4.86
V,W,Keskin,-4.7
V,Y,Keskin,-4.54
W,A,Keskin,-4.66
W,C,Keskin,-4.7
W,D,Keskin,-3.81
W,E,Keskin,-3.84
W,F,Keskin,-5.72
W,G,Keskin,-3.77
W,H,Keskin,-4.5
W,I,Keskin,-5.79
W,K,Keskin,-3.12
W,L,Keskin,-6.4
W,M,Keskin,-5.49
W,N,Keskin,-3.31
W,P,Keskin,-3.96
W,Q,Keskin,-4.87
W,R,Keskin,-4.54
W,S,Keskin,-2.86
W,T,Keskin,-3.48
W,V,Keskin,-4.7
W,W,Keskin,-5.16
W,Y,Keskin,-5.12
Y,A,Keskin,-3.96
Y,C,Keskin,-4.71
Y,D,Keskin,-3.63
Y,E,Keskin,-3.62
Y,F,Keskin,-5.33
Y,G,Keskin,-3.34
Y,H,Keskin,-3.78
Y,I,Keskin,-5.39
Y,K,Keskin,-2.64
Y,L,Keskin,-5.67
Y,M,Keskin,-5.01
Y,N,Keskin,-3.14
Y,P,Keskin,-2.92
Y,Q,Keskin,-4.75
Y,R,Keskin,-4.32
Y,S,Keskin,-3.43
Y,T,Keskin,-3.33
Y,V,Keskin,-4.54
Y,W,Keskin,-5.12
Y,Y,Keskin,-4.58
