,TRBV,TRBJ,CDR3b,full_seq
0,TRBV6-5*01,TRBJ2-7*01,CASRPGLAGGRPEQYF,NAGVTQTPKFQVLKTGQSMTLQCAQDMNHEYMSWYRQDPGMGLRLIHYSVGAGITDQGEVPNGYNVSRSTTEDFPLRLLSAAPSQTSVYFCASRPGLAGGRPEQYFGPGTKLTVL
1,TRBV6-5*01,TRBJ2-7*01,CASSYPGGGFYEQYF,NAGVTQTPKFQVLKTGQSMTLQCAQDMNHEYMSWYRQDPGMGLRLIHYSVGAGITDQGEVPNGYNVSRSTTEDFPLRLLSAAPSQTSVYFCASSYPGGGFYEQYFGPGTKLTVL
2,TRBV13-2*01,TRBJ2-1*01,CASGGQGRAEQFF,EAAVTQSPRNKVAVTGGKVTLSCNQTNNHNNMYWYRQDTGHGLRLIHYSYGAGSTEKGDIPDGYKASRPSQENFSLILELATPSQTSVYFCASGGQGRAEQFFLSVL
3,TRBV1*01,TRBJ1-3*01,CTCSADRVGNTLYF,TSLVEQKPRWVLVPRRQAETLRCILKDSQYPWMSWYQQDLRGQLQVLASLRRTGDKEVINLPGANYRATRVSESELSLHVANVTQGRTLFCTCSADRVGNTLYFAAV
4,TRBV28*01,TRBJ1-2*01,CASSSTGLPYGYTF,DAQVTQTPRYLVKRRGEKVVIECIQNMDHERMFWYRQDPALGLRLLHFSIDAGTVEEGDVPHGYSVSRKKKESFPLTLASATTNQTSMYLCASSSTGLPYGYTFKLTVV
5,TRBV13-2*01,TRBJ2-4*01,CASGGGGTLYF,EAAVTQSPRNKVAVTGGKVTLSCNQTNNHNNMYWYRQDTGHGLRLIHYSYGAGSTEKGDIPDGYKASRPSQENFSLILELATPSQTSVYFCASGGGGTLYFTVL
6,TRBV1*01,TRBJ2-3*01,CTCSAAPDWGASAETLYF,TSLVEQKPRWVLVPRRQAETLRCILKDSQYPWMSWYQQDLRGQLQVLASLRRTGDKEVINLPGANYRATRVSESELSLHVANVTQGRTLFCTCSAAPDWGASAETLYFGGGTRLLVL
7,TRBV13-3*01,TRBJ2-7*01,CASSDWVSYEQYF,EAAVTQSPRSKVAVTGGKVTLSCHQTNNHDYMYWYRQDTGHGLRLIHYSYVADSTEKGDIPDGYKASRPSQENFSLILELASLSQTAVYFCASSDWVSYEQYFGPGTKLTVL
8,TRBV7-8*01,TRBJ2-7*01,CASSLGQAYEQYF,GAGVSQSPRYKVAKRGQDVALRCDPISGHVSLFWYQQALGQGPEFLTYFQNEAQLDKSGLPSDRFFAERPEGSVSTLKIQRTQQEDSAVYLCASSLGQAYEQYFGPGTKLTVL
9,TRBV19*01,TRBJ2-7*01,CASSSRSSYEQYF,DGGITQTPKYVLKEEGRDVTLECEQDFNYDTMYWYRQDPGQRPRLIYFSLSAKDVQKGDMAEGYSASREKKPLFPLTVTLTQKNQTAVYLCASSSRSSYEQYFGPGTKLTVL
10,TRBV13-2*01,TRBJ2-7*01,CASGDAGGGYEQYF,EAAVTQSPRNKVAVTGGKVTLSCNQTNNHNNMYWYRQDTGHGLRLIHYSYGAGSTEKGDIPDGYKASRPSQENFSLILELATPSQTSVYFCASGDAGGGYEQYFGPGTKLTVL
11,TRBV20-1*01,TRBJ2-1*01,CSARDLTSGANNEQFF,GALVSQQPRRAVSKSGASVTIECRALDFQATTVFWYRQFLKRGLVLMATSNEGTDATYEQGYTKDKFPISHPDLTFSSLTVTRVDPADSSLYFCSARDLTSGANNEQFFGPGTRLSVL
12,TRBV5-1*01,TRBJ1-1*01,CASSLADRVNTEAFF,KAGVTQTPRYLIKTRGQQVTLSCSPISGHRSVSWYQQTPGQGLQFLFEYFSETQRNKGNFPGRFSGRQFSNSRSEMNVSTLELGDSALYLCASSLADRVNTEAFFGKGTRLTVV
13,TRBV6-1*01,TRBJ2-7*01,CASPGLAGEYEQYF,HAGVTQDPRFQVVRSGQKPTLRCTQDLNHNYMYWYRQDLGRGLRLIHYSNGPPNTENGDVPEGYSVSRPSTEDFPLTLESANPSQTSVYFCASPGLAGEYEQYFGPGTKLTVL
14,TRBV6-5*01,TRBJ2-2*01,CASSYVGNTGELFF,NAGVTQTPKFQVLKTGQSMTLQCAQDMNHEYMSWYRQDPGMGLRLIHYSVGAGITDQGEVPNGYNVSRSTTEDFPLRLLSAAPSQTSVYFCASSYVGNTGELFFGAGSKLTVL
15,TRBV14*01,TRBJ2-3*01,CASSQDRDTQYF,SAEVAQSPSHRVIEKKQAVNLSCDPISGHESLFWYYHAVGKEMKLLIYFLRESMQDDSGMPKGRFTAERMEGTSSMLRVHSAELGDSGVYFCASSQDRDTQYFGGGTRLLVL
16,TRBV6-6*01,TRBJ1-3*01,CASTYHGTGYF,NAGVTQTPKFRILKIGQSMTLQCTQDMNHNYMYWYRQDPGMGLKLIYYSVGAGITDKGEVPNGYNVSRSTTEDFPLRLELAAPSQTSVYFCASTYHGTGYFGGEGRRLAAV
17,TRBV10-3*01,TRBJ1-5*01,CATGTGDSNQPQHF,DAGITQSPRHKVTETGTPVTLRCHQTENHRYMYWYRQDPGHGLRLIHYSYGVKDTDKGEVSDGYSVSRSKTEDFLLTLESATSSQTSVYFCATGTGDSNQPQHFGHGTWLAVL
18,TRBV13-2*01,TRBJ2-3*01,CASGDASGAETLYF,EAAVTQSPRNKVAVTGGKVTLSCNQTNNHNNMYWYRQDTGHGLRLIHYSYGAGSTEKGDIPDGYKASRPSQENFSLILELATPSQTSVYFCASGDASGAETLYFLVL
19,TRBV19*01,TRBJ1-2*01,CASTGSYGYTF,DGGITQTPKYVLKEEGRDVTLECEQDFNYDTMYWYRQDPGQRPRLIYFSLSAKDVQKGDMAEGYSASREKKPLFPLTVTLTQKNQTAVYLCASTGSYGYTFGPGTKLTVV
20,TRBV13-3*01,TRBJ1-3*01,CASIDSSGNTLYF,EAAVTQSPRSKVAVTGGKVTLSCHQTNNHDYMYWYRQDTGHGLRLIHYSYVADSTEKGDIPDGYKASRPSQENFSLILELASLSQTAVYFCASIDSSGNTLYFFGVGGGEGRRLAAV
21,TRBV13-2*01,TRBJ2-4*01,CASGDFWGDTLYF,EAAVTQSPRNKVAVTGGKVTLSCNQTNNHNNMYWYRQDTGHGLRLIHYSYGAGSTEKGDIPDGYKASRPSQENFSLILELATPSQTSVYFCASGDFWGDTLYFTVL
22,TRBV13-2*01,TRBJ2-7*01,CASGDAWGYEQYF,EAAVTQSPRNKVAVTGGKVTLSCNQTNNHNNMYWYRQDTGHGLRLIHYSYGAGSTEKGDIPDGYKASRPSQENFSLILELATPSQTSVYFCASGDAWGYEQYFGPGTKLTVL
23,TRBV7-9*01,TRBJ2-1*01,CASRYRDDSYNEQFF,DTGVSQNPRHKITKRGQNVTFRCDPISEHNRLYWYRQTLGQGPEFLTYFQNEAQLEKSRLLSDRFSAERPKGSFSTLEIQRTEQGDSAMYLCASRYRDDSYNEQFFGPGTRLSVL
24,TRBV11-2*01,TRBJ2-3*01,CASSFTWTSGGATDTQYF,EAGVAQSPRYKIIEKRQSVAFWCNPISGHATLYWYQQILGQGPKLLIQFQNNGVVDDSQLPKDRFSAERLKGVDSTLKIQPAKLEDSAVYLCASSFTWTSGGATDTQYFRLLVL
25,TRBV6-5*01,TRBJ1-2*01,CASSPVTGGIYGYTF,NAGVTQTPKFQVLKTGQSMTLQCAQDMNHEYMSWYRQDPGMGLRLIHYSVGAGITDQGEVPNGYNVSRSTTEDFPLRLLSAAPSQTSVYFCASSPVTGGIYGYTFGPGTKLTVV
26,TRBV30*01,TRBJ2-2*01,CAWSETGLGTGELFF,TQTIHQWPSTRVQPAGSPLSLECTVKGTSNPTLYWYRQEAGGSLQQLFYSVSAGQIEPREFQNFKASRPQDGQFTLSSKKLQLNNSGFYFCAWSETGLGTGELFF
27,TRBV13-3*01,TRBJ1-3*01,CASSWDRAGNTLYF,EAAVTQSPRSKVAVTGGKVTLSCHQTNNHDYMYWYRQDTGHGLRLIHYSYVADSTEKGDIPDGYKASRPSQENFSLILELASLSQTAVYFCASSWDRAGNTLYFFGVGGGEGRRLAAV
28,TRBV9*01,TRBJ2-2*01,CASSARSGELFF,DSRVMQTPKYLIQVKGQQATLKCSPVSGHLSVYWYQQNLDQGFRFLIQYYSGEERDKGNIPDRFSVRQFPDSSSELTLRVLELGDSALFLCASSARSGELFFTVL
29,TRBV30*01,TRBJ1-3*01,CAWSVSVGAGVPTIYF,TQTIHQWPSTRVQPAGSPLSLECTVKGTSNPTLYWYRQEAGGSLQQLFYSVSAGQIEPREFQNFKASRPQDGQFTLSSKKLQLNNSGFYFCAWSVSVGAGVPTIYF
30,TRBV20-1*01,TRBJ1-2*01,CSARDGTGNGYTF,GALVSQQPRRAVSKSGASVTIECRALDFQATTVFWYRQFLKRGLVLMATSNEGTDATYEQGYTKDKFPISHPDLTFSSLTVTRVDPADSSLYFCSARDGTGNGYTFKLTVV
31,TRBV20-1*01,TRBJ1-6*01,CSARGGSYNSPLHF,GALVSQQPRRAVSKSGASVTIECRALDFQATTVFWYRQFLKRGLVLMATSNEGTDATYEQGYTKDKFPISHPDLTFSSLTVTRVDPADSSLYFCSARGGSYNSPLHFGIGTRLIVT
32,TRBV7-3*01,TRBJ2-3*01,CATSALGDTQYF,GAGVSQTPSNKVTEKGKYVELRCDPISGHTALYWYRQSLGQGPEFLIYFQGTGAADDSGLPNDRFFAVRPEGSVSTLKIQRTERGDSAVYLCATSALGDTQYFGGGTRLLVL
33,TRBV29*01,TRBJ2-7*01,CASSFGREQYF,GALVSQKPSRAICQHGVSVMIQCEADSQVISMYWYRQRPGQSLSLIATANQGSQATYESGFAKEKFPISRPSLNFSVLTVSSVSPEDSSSYFCASSFGREQYFGPGTKLTVL
34,TRBV6-4*01,TRBJ1-1*01,CASSLSFGTEAFF,IAGITQAPTSQILAAGRRMTLRCTQDMRHNAMYWYRQDLGLGLRLIHYSNTAGTTGKGEVPDGYSVSRANTDDFPLTLASAVPSQTSVYFCASSLSFGTEAFFGKGTRLTVV
35,TRBV10-3*01,TRBJ1-5*01,CAISEVGVGQPQHF,DAGITQSPRHKVTETGTPVTLRCHQTENHRYMYWYRQDPGHGLRLIHYSYGVKDTDKGEVSDGYSVSRSKTEDFLLTLESATSSQTSVYFCAISEVGVGQPQHFGHGTWLAVL
36,TRBV26*01,TRBJ2-5*01,CASSLNWSQDTQYF,DAAVTQFPRRRILETEKEFTLQCSQKMNHYAMYWYRQDPGFGLRLIYYSTGPDSFKKGDVPEGYHVSRDELEHFPLTLKSASPNQTSVYFCASSLNWSQDTQYFGPGTRLLVL
37,TRBV26*01,TRBJ1-2*01,CASSLNNANSDYTF,DAAVTQFPRRRILETEKEFTLQCSQKMNHYAMYWYRQDPGFGLRLIYYSTGPDSFKKGDVPEGYHVSRDELEHFPLTLKSASPNQTSVYFCASSLNNANSDYTFGPGTKLTVV
38,TRBV6-2*01,TRBJ2-4*01,CASGQGNFDIQYF,HAGVTQDPRFQVVRRGQSTTLTCTQDLGHNYMYWYRQDLGHGLRLIYYSAGPPTTEKGDVPNGYRVSRSSKENIPLTLESANRSQTSVYFCASGQGNFDIQYFGAGTRLTVL
39,TRBV13-1*01,TRBJ2-2*01,CASSDAPGQLYF,EAAVTQSPRNKVTVTGGNVTLSCRQTNSHNYMYWYRQDTGHGLRLIHYSYGAGNLRIGDVPDGYKATRTTQEDFFLLLELASPSQTSLYFCASSDAPGQLYFGAGSKLTVL
40,TRBV12-4*01,TRBJ2-4*01,CASSLWEKLAKNIQYF,DAGVIQSPRHEVTEMGQEVTLRCKPISGHDYLFWYRQTMMRGLELLIYFNNNVPIDDSGMPEDRFSAKMPNASFSTLKIQPSEPRDSAVYFCASSLWEKLAKNIQYFGAGTRLTVL
41,TRBV4-1*01,TRBJ2-7*01,CASSPTSGIYEQYF,DTGITQTPKHLVTGPGRRVTLNCEQHLGHDAVYWYQQRAQKPPKLMFAYRYKELIENEPASGRFSPECPDSSRLYLHVDALEPDDSALYLCASSPTSGIYEQYFGPGTKLTVL
42,TRBV7-9*01,TRBJ2-2*01,CASSSWDTGELFF,DTGVSQNPRHKITKRGQNVTFRCDPISEHNRLYWYRQTLGQGPEFLTYFQNEAQLEKSRLLSDRFSAERPKGSFSTLEIQRTEQGDSAMYLCASSSWDTGELFF
43,TRBV5-8*01,TRBJ2-5*01,CASSQIRETQYF,EAGVTQSPTHLIKTRGQQATLRCSPISGHTSVYWYQQALGLGLQFLLWYDEGEERNRGNFPPRFSGRQFPNYSSELNVNALELEDSALYLCASSQIRETQYFGPGTRLLVL
44,TRBV28*01,TRBJ2-7*01,CASSFLGTGVEQYF,DAQVTQTPRYLVKRRGEKVVIECIQNMDHERMFWYRQDPALGLRLLHFSIDAGTVEEGDVPHGYSVSRKKKESFPLTLASATTNQTSMYLCASSFLGTGVEQYFGPGTKLTVL
45,TRBV6-5*01,TRBJ2-7*01,CASRPGLMSAQPEQYF,NAGVTQTPKFQVLKTGQSMTLQCAQDMNHEYMSWYRQDPGMGLRLIHYSVGAGITDQGEVPNGYNVSRSTTEDFPLRLLSAAPSQTSVYFCASRPGLMSAQPEQYFGPGTKLTVL
46,TRBV6-5*01,TRBJ1-1*01,CASREGLGGTEAFF,NAGVTQTPKFQVLKTGQSMTLQCAQDMNHEYMSWYRQDPGMGLRLIHYSVGAGITDQGEVPNGYNVSRSTTEDFPLRLLSAAPSQTSVYFCASREGLGGTEAFFGKGTRLTVV
47,TRBV9*01,TRBJ2-7*01,CASSVAVSAGTYEQYF,DSRVMQTPKYLIQVKGQQATLKCSPVSGHLSVYWYQQNLDQGFRFLIQYYSGEERDKGNIPDRFSVRQFPDSSSELTLRVLELGDSALFLCASSVAVSAGTYEQYFGPGTKLTVL
48,TRBV19*01,TRBJ2-2*01,CASSLRDGYTGELFF,DGGITQTPKYVLKEEGRDVTLECEQDFNYDTMYWYRQDPGQRPRLIYFSLSAKDVQKGDMAEGYSASREKKPLFPLTVTLTQKNQTAVYLCASSLRDGYTGELFF
49,TRBV30*01,TRBJ2-2*01,CAWSETGLGMGGWQF,TQTIHQWPSTRVQPAGSPLSLECTVKGTSNPTLYWYRQEAGGSLQQLFYSVSAGQIEPREFQNFKASRPQDGQFTLSSKKLQLNNSGFYFCAWSETGLGMGGWQF
50,TRBV5-6*01,TRBJ2-7*01,CASSRTGSTYEQYF,DSGVTQTPKYLIKSRKQQVILRCSPESGHLYVSWYQQALGQGPQFLIQYYNGKENEKGNMPDRFSGEQFSDSSSQMNLSSLELTDSAVYLCASSRTGSTYEQYFGPGTKLTVL
51,TRBV7-3*01,TRBJ2-2*01,CASSLTGGGELFF,GAGVSQTPSNKVTEKGKYVELRCDPISGHTALYWYRQSLGQGPEFLIYFQGTGAADDSGLPNDRFFAVRPEGSVSTLKIQRTERGDSAVYLCASSLTGGGELFF
52,TRBV6-5*01,TRBJ1-1*01,CASSYQGTEAFF,NAGVTQTPKFQVLKTGQSMTLQCAQDMNHEYMSWYRQDPGMGLRLIHYSVGAGITDQGEVPNGYNVSRSTTEDFPLRLLSAAPSQTSVYFCASSYQGTEAFFGKGTRLTVV
53,TRBV7-2*01,TRBJ2-3*01,CASSFRALAADTQYF,AGVVSQSPGYRVAGRGQTVNFRCDPIPGHQVLYWYRQMLGQGLEYLTYFQGKEEPDKSGMPKNRFSAERPESTYSYLKIQPVEPEDSALYLCASSFRALAADTQYFGGGTRLLVL
54,TRBV7-2*01,TRBJ2-3*01,CASSFRFTDTQYF,AGVVSQSPGYRVAGRGQTVNFRCDPIPGHQVLYWYRQMLGQGLEYLTYFQGKEEPDKSGMPKNRFSAERPESTYSYLKIQPVEPEDSALYLCASSFRFTDTQYFGGGTRLLVL
55,TRBV7-2*01,TRBJ2-3*01,CASSVRSTDTQYF,AGVVSQSPGYRVAGRGQTVNFRCDPIPGHQVLYWYRQMLGQGLEYLTYFQGKEEPDKSGMPKNRFSAERPESTYSYLKIQPVEPEDSALYLCASSVRSTDTQYFGGGTRLLVL
56,TRBV20-1*01,TRBJ2-5*01,CSAGVGGQETQYF,GALVSQQPRRAVSKSGASVTIECRALDFQATTVFWYRQFLKRGLVLMATSNEGTDATYEQGYTKDKFPISHPDLTFSSLTVTRVDPADSSLYFCSAGVGGQETQYFGPGTRLLVL
57,TRBV5-1*01,TRBJ2-5*01,CASSLAQGGETQYF,KAGVTQTPRYLIKTRGQQVTLSCSPISGHRSVSWYQQTPGQGLQFLFEYFSETQRNKGNFPGRFSGRQFSNSRSEMNVSTLELGDSALYLCASSLAQGGETQYFGPGTRLLVL
58,TRBV11-2*01,TRBJ1-5*01,CASSLRGRGDQPQHF,EAGVAQSPRYKIIEKRQSVAFWCNPISGHATLYWYQQILGQGPKLLIQFQNNGVVDDSQLPKDRFSAERLKGVDSTLKIQPAKLEDSAVYLCASSLRGRGDQPQHFGHGTWLAVL
59,TRBV5-1*01,TRBJ2-1*01,CASSLEGGYYNEQFF,KAGVTQTPRYLIKTRGQQVTLSCSPISGHRSVSWYQQTPGQGLQFLFEYFSETQRNKGNFPGRFSGRQFSNSRSEMNVSTLELGDSALYLCASSLEGGYYNEQFFGPGTRLSVL
60,TRBV5-4*01,TRBJ1-2*01,CAAWDDSLNGWVF,GAGVIQTPRHLIKGSGGKALLECHLVSGHNTVRWYKQAPGQGPQFLFEYYRQEQRDKGDVSARFSAQQFSDASSQLEMNPLELGDSALYLCAAWDDSLNGWVFV
61,TRBV6-2*01,TRBJ2-1*01,CASRPRRDNEQFF,HAGVTQDPRFQVVRRGQSTTLTCTQDLGHNYMYWYRQDLGHGLRLIYYSAGPPTTEKGDVPNGYRVSRSSKENIPLTLESANRSQTSVYFCASRPRRDNEQFFGPGTRLSVL
62,TRBV6-2*01,TRBJ2-3*01,CASRPRDPVTQYF,HAGVTQDPRFQVVRRGQSTTLTCTQDLGHNYMYWYRQDLGHGLRLIYYSAGPPTTEKGDVPNGYRVSRSSKENIPLTLESANRSQTSVYFCASRPRDPVTQYFGGGTRLLVL
63,TRBV9*01,TRBJ2-5*01,CASSTTPGTGTETQYF,DSRVMQTPKYLIQVKGQQATLKCSPVSGHLSVYWYQQNLDQGFRFLIQYYSGEERDKGNIPDRFSVRQFPDSSSELTLRVLELGDSALFLCASSTTPGTGTETQYFGPGTRLLVL
64,TRBV9*01,TRBJ2-7*01,CASSAGTSGEYEQYF,DSRVMQTPKYLIQVKGQQATLKCSPVSGHLSVYWYQQNLDQGFRFLIQYYSGEERDKGNIPDRFSVRQFPDSSSELTLRVLELGDSALFLCASSAGTSGEYEQYFGPGTKLTVL
65,TRBV6-1*01,TRBJ2-1*01,CASSEARRYNEQFF,HAGVTQDPRFQVVRSGQKPTLRCTQDLNHNYMYWYRQDLGRGLRLIHYSNGPPNTENGDVPEGYSVSRPSTEDFPLTLESANPSQTSVYFCASSEARRYNEQFFGPGTRLSVL
66,TRBV5-1*01,TRBJ2-7*01,CASSFNMATGQYF,KAGVTQTPRYLIKTRGQQVTLSCSPISGHRSVSWYQQTPGQGLQFLFEYFSETQRNKGNFPGRFSGRQFSNSRSEMNVSTLELGDSALYLCASSFNMATGQYFGPGTKLTVL
67,TRBV7-2*01,TRBJ2-5*01,CASSQTQLWETQYF,AGVVSQSPGYRVAGRGQTVNFRCDPIPGHQVLYWYRQMLGQGLEYLTYFQGKEEPDKSGMPKNRFSAERPESTYSYLKIQPVEPEDSALYLCASSQTQLWETQYFGPGTRLLVL
68,TRBV7-6*01,TRBJ1-4*01,CASSLAPGTTNEKLFF,GAGVSQSPRYKVTKRGQDVALRCDPISGHVSLYWYRQALGQGPEFLTYFNYEAQQDKSGLPNDRFSAERPEGSISTLTIQRTEQRDSAMYRCASSLAPGTTNEKLFFSVL
69,TRBV27*01,TRBJ2-2*01,CASSLIYPGELFF,EADVTQSPRHRITETRTRVTLTCSQNMNHDAMYWYRQDPGLGPKLIYFSRNVGFIENGDIPDGYTASREEKPNFPLTLELASTNQTSLYLCASSLIYPGELFFTVL
70,TRBV6-5*01,TRBJ2-7*01,CASRPGWMAGGVELYF,NAGVTQTPKFQVLKTGQSMTLQCAQDMNHEYMSWYRQDPGMGLRLIHYSVGAGITDQGEVPNGYNVSRSTTEDFPLRLLSAAPSQTSVYFCASRPGWMAGGVELYF
71,TRBV7-3*01,TRBJ2-3*01,CASSFIGGTDTQYF,GAGVSQTPSNKVTEKGKYVELRCDPISGHTALYWYRQSLGQGPEFLIYFQGTGAADDSGLPNDRFFAVRPEGSVSTLKIQRTERGDSAVYLCASSFIGGTDTQYFRLLVL
72,TRBV19*01,TRBJ2-7*01,CASSIRSSYEQYF,DGGITQTPKYVLKEEGRDVTLECEQDFNYDTMYWYRQDPGQRPRLIYFSLSAKDVQKGDMAEGYSASREKKPLFPLTVTLTQKNQTAVYLCASSIRSSYEQYFGPGTKLTVL
73,TRBV19*01,TRBJ2-7*01,CASSIFGQREQYF,DGGITQTPKYVLKEEGRDVTLECEQDFNYDTMYWYRQDPGQRPRLIYFSLSAKDVQKGDMAEGYSASREKKPLFPLTVTLTQKNQTAVYLCASSIFGQREQYFGPGTKLTVL
74,TRBV29*01,TRBJ1-1*01,CASSLGHTEVFF,GALVSQKPSRAICQHGVSVMIQCEADSQVISMYWYRQRPGQSLSLIATANQGSQATYESGFAKEKFPISRPSLNFSVLTVSSVSPEDSSSYFCASSLGHTEVFFGKGTRLTVV
75,TRBV19*01,TRBJ1-2*01,CASSIGVYGYTF,DGGITQTPKYVLKEEGRDVTLECEQDFNYDTMYWYRQDPGQRPRLIYFSLSAKDVQKGDMAEGYSASREKKPLFPLTVTLTQKNQTAVYLCASSIGVYGYTFGPGTKLTVV
76,TRBV25-1*01,TRBJ2-7*01,CASRRGPYEQYF,EADIYQTPRYLVIGTGKKITLECSQTMGHDKMYWYQQDPGMELHLIHYSYGVNSTEKGDLSSESTVSRIRTEHFPLTLESARPSHTSQYLCASRRGPYEQYFGPGTKLTVL
77,TRBV9*01,TRBJ2-3*01,CASSVAPGSDTQYF,DSRVMQTPKYLIQVKGQQATLKCSPVSGHLSVYWYQQNLDQGFRFLIQYYSGEERDKGNIPDRFSVRQFPDSSSELTLRVLELGDSALFLCASSVAPGSDTQYFGGGTRLLVL
78,TRBV9*01,TRBJ2-7*01,CASSVAGTPSYEQYF,DSRVMQTPKYLIQVKGQQATLKCSPVSGHLSVYWYQQNLDQGFRFLIQYYSGEERDKGNIPDRFSVRQFPDSSSELTLRVLELGDSALFLCASSVAGTPSYEQYFGPGTKLTVL
79,TRBV9*01,TRBJ2-3*01,CASSNRGLGTDTQYF,DSRVMQTPKYLIQVKGQQATLKCSPVSGHLSVYWYQQNLDQGFRFLIQYYSGEERDKGNIPDRFSVRQFPDSSSELTLRVLELGDSALFLCASSNRGLGTDTQYFGGGTRLLVL
80,TRBV13-3*01,TRBJ2-4*01,CASSDAGGRNTLYF,EAAVTQSPRSKVAVTGGKVTLSCHQTNNHDYMYWYRQDTGHGLRLIHYSYVADSTEKGDIPDGYKASRPSQENFSLILELASLSQTAVYFCASSDAGGRNTLYF
81,TRBV19*01,TRBJ2-2*01,CASSQGLAGAGELFF,DGGITQTPKYVLKEEGRDVTLECEQDFNYDTMYWYRQDPGQRPRLIYFSLSAKDVQKGDMAEGYSASREKKPLFPLTVTLTQKNQTAVYLCASSQGLAGAGELFFTVL
82,TRBV5-6*01,TRBJ2-7*01,CASSDTVSYEQYF,DSGVTQTPKYLIKSRKQQVILRCSPESGHLYVSWYQQALGQGPQFLIQYYNGKENEKGNMPDRFSGEQFSDSSSQMNLSSLELTDSAVYLCASSDTVSYEQYFGPGTKLTVL
83,TRBV17*01,TRBJ2-5*01,CASSAGLDAEQYF,EPGVSQTPRHKVTNMGQEVILRCDPSSGHMFVHWYRQNLRQEMKLLISFQYQNIAVDSGMPKERFTAERPNGTSSTLKIHPAEPRDSAVYLYCASSAGLDAEQYFGPGTRLLVL
84,TRBV17*01,TRBJ2-3*01,CASSRDLGRDTQYF,EPGVSQTPRHKVTNMGQEVILRCDPSSGHMFVHWYRQNLRQEMKLLISFQYQNIAVDSGMPKERFTAERPNGTSSTLKIHPAEPRDSAVYLYCASSRDLGRDTQYFGGGTRLLVL
85,TRBV27*01,TRBJ1-1*01,CASSLLGGWSEAFF,EADVTQSPRHRITETRTRVTLTCSQNMNHDAMYWYRQDPGLGPKLIYFSRNVGFIENGDIPDGYTASREEKPNFPLTLELASTNQTSLYLCASSLLGGWSEAFFGKGTRLTVV
86,TRBV9*01,TRBJ1-4*01,CASSANPGDSSNEKLFF,DSRVMQTPKYLIQVKGQQATLKCSPVSGHLSVYWYQQNLDQGFRFLIQYYSGEERDKGNIPDRFSVRQFPDSSSELTLRVLELGDSALFLCASSANPGDSSNEKLFFSVL
87,TRBV11-2*01,TRBJ1-2*01,CASSLGQGLLYGYTF,EAGVAQSPRYKIIEKRQSVAFWCNPISGHATLYWYQQILGQGPKLLIQFQNNGVVDDSQLPKDRFSAERLKGVDSTLKIQPAKLEDSAVYLCASSLGQGLLYGYTFVV
88,TRBV13-3*01,TRBJ2-2*01,CASSDWGDTGQLYF,EAAVTQSPRSKVAVTGGKVTLSCHQTNNHDYMYWYRQDTGHGLRLIHYSYVADSTEKGDIPDGYKASRPSQENFSLILELASLSQTAVYFCASSDWGDTGQLYFGAGSKLTVL
89,TRBV6-1*01,TRBJ2-7*01,CASRTRGGTLIEQYF,HAGVTQDPRFQVVRSGQKPTLRCTQDLNHNYMYWYRQDLGRGLRLIHYSNGPPNTENGDVPEGYSVSRPSTEDFPLTLESANPSQTSVYFCASRTRGGTLIEQYFGPGTKLTVL
90,TRBV28*01,TRBJ2-3*01,CASSQRQEGDTQYF,DAQVTQTPRYLVKRRGEKVVIECIQNMDHERMFWYRQDPALGLRLLHFSIDAGTVEEGDVPHGYSVSRKKKESFPLTLASATTNQTSMYLCASSQRQEGDTQYFGGGTRLLVL
91,TRBV9*01,TRBJ2-1*01,CASSGGHTGSNEQFF,DSRVMQTPKYLIQVKGQQATLKCSPVSGHLSVYWYQQNLDQGFRFLIQYYSGEERDKGNIPDRFSVRQFPDSSSELTLRVLELGDSALFLCASSGGHTGSNEQFFVL
92,TRBV5-4*01,TRBJ2-5*01,CASSFRGGKTQYF,GAGVIQTPRHLIKGSGGKALLECHLVSGHNTVRWYKQAPGQGPQFLFEYYRQEQRDKGDVSARFSAQQFSDASSQLEMNPLELGDSALYLCASSFRGGKTQYFGPGTRLLVL
93,TRBV2*01,TRBJ2-1*01,CASSRLAGGMDEQFF,ELGVSQSPRHYVTAMGQNVTLRCDPIPGHLYLSWYRQTPGKGMEFLLSFYNKAPSEKADFLKDHFLAEMPNGLYLTLKIQPVQPGDSAMILCASSRLAGGMDEQFFGPGTRLSVL
94,TRBV13-1*01,TRBJ2-7*01,CASSDGDYEQYF,EAAVTQSPRNKVTVTGGNVTLSCRQTNSHNYMYWYRQDTGHGLRLIHYSYGAGNLRIGDVPDGYKATRTTQEDFFLLLELASPSQTSLYFCASSDGDYEQYFGPGTKLTVL
95,TRBV19*01,TRBJ1-1*01,CASSMSAMGTEAFF,DGGITQTPKYVLKEEGRDVTLECEQDFNYDTMYWYRQDPGQRPRLIYFSLSAKDVQKGDMAEGYSASREKKPLFPLTVTLTQKNQTAVYLCASSMSAMGTEAFFGKGTRLTVV
96,TRBV12-3*01,TRBJ2-3*01,CASSRTSPTDTQYF,DAGVIQSPRHEVTEMGQEVTLRCKPISGHNSLFWYRQTMMRGLELLIYFNNNVPIDDSGMPEDRFSAKMPNASFSTLKIQPSEPRDSAVYFCASSRTSPTDTQYFGGGTRLLVL
97,TRBV7-3*01,TRBJ2-3*01,CASSHGASTDTQYF,GAGVSQTPSNKVTEKGKYVELRCDPISGHTALYWYRQSLGQGPEFLIYFQGTGAADDSGLPNDRFFAVRPEGSVSTLKIQRTERGDSAVYLCASSHGASTDTQYFGGGTRLLVL
98,TRBV11-2*01,TRBJ1-1*01,CASSSGGWGGGTEAFF,EAGVAQSPRYKIIEKRQSVAFWCNPISGHATLYWYQQILGQGPKLLIQFQNNGVVDDSQLPKDRFSAERLKGVDSTLKIQPAKLEDSAVYLCASSSGGWGGGTEAFFGKGTRLTVV
99,TRBV11-2*01,TRBJ2-1*01,CASSPLDVSISSYNEQFF,EAGVAQSPRYKIIEKRQSVAFWCNPISGHATLYWYQQILGQGPKLLIQFQNNGVVDDSQLPKDRFSAERLKGVDSTLKIQPAKLEDSAVYLCASSPLDVSISSYNEQFFGPGTRLSVL
100,TRBV7-6*01,TRBJ1-1*01,CASSSPGGVSTEAFF,GAGVSQSPRYKVTKRGQDVALRCDPISGHVSLYWYRQALGQGPEFLTYFNYEAQQDKSGLPNDRFSAERPEGSISTLTIQRTEQRDSAMYRCASSSPGGVSTEAFFGKGTRLTVV
101,TRBV29-1*01,TRBJ2-3*01,CSVGGSGGADTQYF,SAVISQKPSRDICQRGTSLTIQCQVDSQVTMMFWYRQQPGQSLTLIATANQGSEATYESGFVIDKFPISRPNLTFSTLTVSNMSPEDSSIYLCSVGGSGGADTQYFRLLVL
102,TRBV6-5*01,TRBJ2-1*01,CASSYLNRDSALDF,NAGVTQTPKFQVLKTGQSMTLQCAQDMNHEYMSWYRQDPGMGLRLIHYSVGAGITDQGEVPNGYNVSRSTTEDFPLRLLSAAPSQTSVYFCASSYLNRDSALDF
103,TRBV7-9*01,TRBJ2-5*01,CASSLGFGRDVMRF,DTGVSQNPRHKITKRGQNVTFRCDPISEHNRLYWYRQTLGQGPEFLTYFQNEAQLEKSRLLSDRFSAERPKGSFSTLEIQRTEQGDSAMYLCASSLGFGRDVMRFL
104,TRBV28*01,TRBJ2-7*01,CASSFLMTSGDPYEQYF,DAQVTQTPRYLVKRRGEKVVIECIQNMDHERMFWYRQDPALGLRLLHFSIDAGTVEEGDVPHGYSVSRKKKESFPLTLASATTNQTSMYLCASSFLMTSGDPYEQYFGPGTKLTVL
105,TRBV5-5*01,TRBJ2-1*01,CASSLEGQGASEQFF,DAGVTQSPTHLIKTRGQQVTLRCSPISGHKSVSWYQQVLGQGPQFIFQYYEKEERGRGNFPDRFSARQFPNYSSELNVNALLLGDSALYLCASSLEGQGASEQFFVL
106,TRBV5-6*01,TRBJ1-2*01,CASSLGEGRVDGYTF,DSGVTQTPKYLIKSRKQQVILRCSPESGHLYVSWYQQALGQGPQFLIQYYNGKENEKGNMPDRFSGEQFSDSSSQMNLSSLELTDSAVYLCASSLGEGRVDGYTFGPGTKLTVV
107,TRBV10-2*01,TRBJ1-1*01,CASSDPGTEAFF,DAGITQSPRYKITETGRQVTLMCHQTWSHSYMFWYRQDLGHGLRLIYYSAAADITDKGEVPDGYVVSRSKTENFPLTLESATRSQTSVYFCASSDPGTEAFFGKGTRLTVV
108,TRBV4*01,TRBJ2-4*01,CASSLDWGGQNTLYF,DPGITQIPKYLVMGMTDKKSLTCEQHLGHDAMYWYKQSAQKPPELMFIHNYQKLTGNESVPSRFWSECPDSSQCRLDLNALKPQDSAIYLCASSLDWGGQNTLYFTVL
109,TRBV4*01,TRBJ2-4*01,CASSLDWGVNTLYF,DPGITQIPKYLVMGMTDKKSLTCEQHLGHDAMYWYKQSAQKPPELMFIHNYQKLTGNESVPSRFWSECPDSSQCRLDLNALKPQDSAIYLCASSLDWGVNTLYFGAGTRLTVL
110,TRBV19*01,TRBJ2-1*01,CASSITLSSYNEQFF,DGGITQTPKYVLKEEGRDVTLECEQDFNYDTMYWYRQDPGQRPRLIYFSLSAKDVQKGDMAEGYSASREKKPLFPLTVTLTQKNQTAVYLCASSITLSSYNEQFFGPGTRLSVL
111,TRBV19*01,TRBJ2-7*01,CASSMGGTYEQYF,DGGITQTPKYVLKEEGRDVTLECEQDFNYDTMYWYRQDPGQRPRLIYFSLSAKDVQKGDMAEGYSASREKKPLFPLTVTLTQKNQTAVYLCASSMGGTYEQYFGPGTKLTVL
112,TRBV4-1*01,TRBJ1-2*01,CASSQDLFTGGYTF,DTGITQTPKHLVTGPGRRVTLNCEQHLGHDAVYWYQQRAQKPPKLMFAYRYKELIENEPASGRFSPECPDSSRLYLHVDALEPDDSALYLCASSQDLFTGGYTFKLTVV
113,TRBV27*01,TRBJ2-3*01,CASSIQQGADTQYF,EADVTQSPRHRITETRTRVTLTCSQNMNHDAMYWYRQDPGLGPKLIYFSRNVGFIENGDIPDGYTASREEKPNFPLTLELASTNQTSLYLCASSIQQGADTQYFGGGTRLLVL
114,TRBV6-1*01,TRBJ2-7*01,CASSEGLWQVGDEQYF,HAGVTQDPRFQVVRSGQKPTLRCTQDLNHNYMYWYRQDLGRGLRLIHYSNGPPNTENGDVPEGYSVSRPSTEDFPLTLESANPSQTSVYFCASSEGLWQVGDEQYFGPGTKLTVL
115,TRBV10-3*01,TRBJ1-6*01,CAISELVTGDSPLHF,DAGITQSPRHKVTETGTPVTLRCHQTENHRYMYWYRQDPGHGLRLIHYSYGVKDTDKGEVSDGYSVSRSKTEDFLLTLESATSSQTSVYFCAISELVTGDSPLHFGIGTRLIVT
116,TRBV17*01,TRBJ1-1*01,CASSRGTIHSNTEVFF,EPGVSQTPRHKVTNMGQEVILRCDPSSGHMFVHWYRQNLRQEMKLLISFQYQNIAVDSGMPKERFTAERPNGTSSTLKIHPAEPRDSAVYLYCASSRGTIHSNTEVFFGKGTRLTVV
117,TRBV11-2*01,TRBJ2-3*01,CASSLGGAGGADTQYF,EAGVAQSPRYKIIEKRQSVAFWCNPISGHATLYWYQQILGQGPKLLIQFQNNGVVDDSQLPKDRFSAERLKGVDSTLKIQPAKLEDSAVYLCASSLGGAGGADTQYFRLLVL
118,TRBV7-9*01,TRBJ2-7*01,CASSPDIEQYF,DTGVSQNPRHKITKRGQNVTFRCDPISEHNRLYWYRQTLGQGPEFLTYFQNEAQLEKSRLLSDRFSAERPKGSFSTLEIQRTEQGDSAMYLCASSPDIEQYFGPGTKLTVL
119,TRBV19*01,TRBJ2-2*01,CAGQVTNTGELFF,DGGITQTPKYVLKEEGRDVTLECEQDFNYDTMYWYRQDPGQRPRLIYFSLSAKDVQKGDMAEGYSASREKKPLFPLTVTLTQKNQTAVYLCAGQVTNTGELFFGAGSKLTVL
