"template","motif","peptide","dG.rosetta"
"6am5","DRG","MMWDRGLGMM",-23.6871993006993
"6am5","DRG","ILEDRGFNQV",-15.159291042291
"6am5","DRG","IMEDVGWLNV",-11.622957042957
"6am5","DRG","LMFDRGMSLL",-20.8678258408258
"6am5","DRG","MMWDRGMGLL",-20.56168997669
"6am5","GIG","ELAGIGILTV",-18.2820539460539
"6am5","GIG","SMLGIGIVPV",-15.2809460539461
"6am5","GIG","NLSNLGILPV",-20.4002407592408
"6am5","GIG","NMGGLGIMPV",-15.1131488511488
"6am5","GIG","SMAGIGIVDV",-6.70840759240759
"6am5","no_motif","ALANQKLYSV",-21.0038491508491
"6am5","no_motif","ALWGPDPAAA",-12.6028891108891
"6am5","no_motif","ALYLVCGERG",-13.8662237762238
"6am5","no_motif","AMAAAAAAAV",-12.4187935397935
"6am5","no_motif","AVAANIVLTV",-11.7646013986014
"6am5","no_motif","FIFPASKVYL",-16.8079160839161
"6am5","no_motif","FLALLAGAHA",-12.5676343656344
"6am5","no_motif","FLEQQNKILL",-12.0264705294705
"6am5","no_motif","FLYTGEGDTV",-20.992011988012
"6am5","no_motif","FMECNLNELV",-18.6814915084915
"6am5","no_motif","FMLISAKATL",-13.7760184815185
"6am5","no_motif","IISAVVGILL",-8.54108291708292
"6am5","no_motif","IMLKGDNITL",-10.0866098901099
"6am5","no_motif","KIFSGVFVKV",-15.5263266733267
"6am5","no_motif","KLMPPDRTAV",-9.96223976023977
"6am5","no_motif","KLRNWQWWRL",NA
"6am5","no_motif","LLGICLTSTV",-8.32246353646354
"6am5","no_motif","LLQDSVDFSL",-14.7765154845155
"6am5","no_motif","RLLIKKLPRV",-13.4134795204795
"6am5","no_motif","SHLVEALYLV",-12.0658766233766
"6am5","no_motif","SLSTFQQMWI",-19.804037962038
"6am5","no_motif","VLDQLRCNGV",-16.3170429570429
"6am5","no_motif","VLIKGDNAAV",-18.1178381618382
"6am5","no_motif","VLINDADWEL",-14.7193701298701
"6am5","no_motif","VLKAGQTVTI",-16.5173696303696
"6am5","no_motif","VMIAGKVAVV",-10.2752407592408
"6am5","no_motif","VMNILLQYVV",-16.4785034965035
"6am5","no_motif","YLDHTADVQL",-18.7066483516483
"6am5","no_motif","YLLSGAGEHL",-15.0198211788212
"6am5","no_motif","YLQLVFGIEV",-26.0816303696304
"6am5","no_motif","YLVCGERGFF",-17.8849130869131
"6am5","no_motif","YMIMVKCWMI",-20.2411928071928
"6am5","no_motif","YQIKGLEWLV",-22.436967032967
"6am5","no_motif","YTYSGLFCVV",-12.7083196803197
"6amu","DRG","MMWDRGLGMM",-17.2788776223776
"6amu","DRG","ILEDRGFNQV",-18.9790164835165
"6amu","DRG","IMEDVGWLNV",-20.8330669330669
"6amu","DRG","LMFDRGMSLL",-20.4234355644356
"6amu","DRG","MMWDRGMGLL",-16.4836383616384
"6amu","GIG","ELAGIGILTV",-15.4805789210789
"6amu","GIG","SMLGIGIVPV",-15.9025631035631
"6amu","GIG","NLSNLGILPV",-18.4296618381618
"6amu","GIG","NMGGLGIMPV",-15.1419465534466
"6amu","GIG","SMAGIGIVDV",-16.3995051615052
"6amu","no_motif","ALANQKLYSV",-9.23695904095903
"6amu","no_motif","ALWGPDPAAA",-11.0250539460539
"6amu","no_motif","ALYLVCGERG",-19.2777152847153
"6amu","no_motif","AMAAAAAAAV",-17.9909170829171
"6amu","no_motif","AVAANIVLTV",-13.2459050949051
"6amu","no_motif","FIFPASKVYL",-15.0894305694306
"6amu","no_motif","FLALLAGAHA",-12.4014865134865
"6amu","no_motif","FLEQQNKILL",-18.043018981019
"6amu","no_motif","FLYTGEGDTV",-11.9675794205794
"6amu","no_motif","FMECNLNELV",-9.58949850149849
"6amu","no_motif","FMLISAKATL",3.72447252747253
"6amu","no_motif","IISAVVGILL",-18.6036783216783
"6amu","no_motif","IMLKGDNITL",-12.7661348651349
"6amu","no_motif","KIFSGVFVKV",NA
"6amu","no_motif","KLMPPDRTAV",-6.1276903096903
"6amu","no_motif","KLRNWQWWRL",-23.2257522477522
"6amu","no_motif","LLGICLTSTV",-15.2551388611389
"6amu","no_motif","LLQDSVDFSL",-24.5631018981019
"6amu","no_motif","RLLIKKLPRV",NA
"6amu","no_motif","SHLVEALYLV",-15.4321418581418
"6amu","no_motif","SLSTFQQMWI",NA
"6amu","no_motif","VLDQLRCNGV",-11.8475374625375
"6amu","no_motif","VLIKGDNAAV",-6.1276903096903
"6amu","no_motif","VLINDADWEL",-14.8971348651348
"6amu","no_motif","VLKAGQTVTI",-10.6067442557443
"6amu","no_motif","VMIAGKVAVV",-16.2578091908092
"6amu","no_motif","VMNILLQYVV",-13.7045574425574
"6amu","no_motif","YLDHTADVQL",-16.0258831168831
"6amu","no_motif","YLLSGAGEHL",-13.1186613386613
"6amu","no_motif","YLQLVFGIEV",-13.5782597402597
"6amu","no_motif","YLVCGERGFF",-13.3254255744256
"6amu","no_motif","YMIMVKCWMI",-22.7856423576424
"6amu","no_motif","YQIKGLEWLV",-8.34238461538461
"6amu","no_motif","YTYSGLFCVV",-10.6067442557443
