Date	PatientID	Gene	Type	Peptide	WT Peptide	position	Length	HLA	NetMHC_mut	NetMHC_wt	NetMHCpan_mut	NetMHCpan_wt	Old_Type
07.05.2015	302	NAB2	R51C	LQLYRVLQCA	LQLYRVLQRA	9	10	A02:06	218,8	218,8	299,5	341	R51C
07.05.2015	302	SEMA4B	L772I	VVLPPETRPI	VVLPPETRPL	10	10	A02:06	414,3	492,6	659,8	912,7	L772I
07.05.2015	302	WWP2	D710N	YIMLLTNWRF	YIMLLTDWRF	7	10	A02:06	401,1	442,1	323	392,5	D710N
07.05.2015	302	WWP2	D710N	LTNWRFTRGV	LTDWRFTRGV	3	10	A02:06	344,7	128,8	333,7	418,8	D710N
07.05.2015	302	HHAT	L75F	WLVWLFLGHM	WLVWLLLGHM	6	10	A02:06	156,5	216,5	618,3	711,7	L75F
07.05.2015	302	HHAT	L75F	LVWLFLGHMV	LVWLLLGHMV	5	10	A02:06	37,5	57,8	87,2	119,4	L75F
07.05.2015	302	HHAT	H78P	WLVWLLLGPM	WLVWLLLGHM	9	10	A02:06	89,1	216,5	251,9	711,7	H78P
07.05.2015	302	HHAT	H78P	LVWLLLGPMV	LVWLLLGHMV	8	10	A02:06	36,7	57,8	107,1	119,4	H78P
07.05.2015	302	OR2L8	F199L	TVLLSATIFL	TVFLSATIFL	3	10	A02:06	165,2	265,9	209,6	159,9	F199L
07.05.2015	302	OR2L8	F199L	VLLSATIFLV	VFLSATIFLV	2	10	A02:06	13,6	153,1	5,8	241,2	F199L
07.05.2015	302	OR2L8	G212A	IAISCSYGQV	IGISCSYGQV	2	10	A02:06	302,7	5620,5	221,2	1967,8	G212A
07.05.2015	302	OR2L8	Y217C	CSCGQVLFAV	CSYGQVLFAV	3	10	A02:06	323	53,6	466,7	65,8	Y217C
07.05.2015	302	OR2L8	Q219R	CSYGRVLFAV	CSYGQVLFAV	5	10	A02:06	56,6	53,6	53	65,8	Q219R
07.05.2015	302	OR2L8	H226R	GQVLFAVYRM	GQVLFAVYHM	9	10	A02:06	432,6	188,1	371,8	188,1	H226R
07.05.2015	302	TTLL12	A25G	GQALAEFAAL	AQALAEFAAL	1	10	A02:06	53	26,2	182,1	80	A25G
07.05.2015	302	SLC35G5	G46D	LLVALLDGGL	LLVALLGGGL	7	10	A02:06	168,8	178,2	482,1	1017	G46D
07.05.2015	302	SLC35G5	G46D	VALLDGGLPA	VALLGGGLPA	5	10	A02:06	461,7	531,4	1864,2	1235,7	G46D
07.05.2015	302	MTUS1	I14L	FSLSTIHLRL	FSLSTIHIRL	8	10	A02:06	236	223,6	153,1	172,5	I14L
07.05.2015	302	PER1	T870P	WPPPPATTPF	WPTPPATTPF	3	10	B35:01	75	24,1	14,5	3,7	T870P
07.05.2015	302	OR2L8	G212A	FPFIAISCSY	FPFIGISCSY	5	10	B35:01	6,3	6,8	2	1,8	G212A
07.05.2015	302	OR2L8	Y217C	FPFIGISCSC	FPFIGISCSY	10	10	B35:01	316,1	6,8	126	1,8	Y217C
07.05.2015	302	MUC4	A1222T	LPVTDTSSVS	LPVTDASSVS	6	10	B35:01	116,8	154,8	442,1	579,4	A2886T
07.05.2015	302	FOXD4L5	Y145S	FPYSRRKFPA	FPYYRRKFPA	4	10	B35:01	356,1	384,1	151,5	186	Y145S
07.05.2015	302	OR10G7	G20A	LTGLPHAPAL	LTGLPHAPGL	9	10	C03:03	137,4	902,9	585,7	2664,1	G20A
07.05.2015	302	KRT4	T364M	THVSDMSVVL	THVSDTSVVL	6	10	C03:03	168,8	140,4	3202,1	3454	T364M
07.05.2015	302	NAB2	R51C	YRVLQCANLL	YRVLQRANLL	6	10	C03:03	151,5	135,9	4106,8	3454	R51C
07.05.2015	302	ZFHX2	T2270S	VQSAGPGRPL	VQTAGPGRPL	3	10	C03:03	65,1	51,9	605	984,6	T1222S
07.05.2015	302	ANGPTL6	V93G	GAVAGEGRAL	GAVAGEVRAL	7	10	C03:03	3,8	4,5	241,2	138,9	V93G
07.05.2015	302	GRIN2D	A1038P	AAPTAVGPPL	AAATAVGPPL	3	10	C03:03	12,3	2,8	56	12,2	A1038P
07.05.2015	302	LILRA6	V341M	TVASGENMTL	TVASGENVTL	8	10	C03:03	36,7	31,9	257,4	241,2	V341M
07.05.2015	302	LILRA6	V341M	VASGENMTLL	VASGENVTLL	7	10	C03:03	4,9	4,6	86,3	84,4	V341M
07.05.2015	302	NBPF1	L66V	YKYEECKDVI	YKYEECKDLI	9	10	C03:03	359,9	846,2	8664,4	15044,7	L66V
07.05.2015	302	HHAT	L75F	FLGHMVVSQM	LLGHMVVSQM	1	10	C03:03	326,5	3932,9	696,4	3807,3	L75F
07.05.2015	302	OR2L8	H226R	FAVYRMKSAE	FAVYHMKSAE	5	10	C03:03	72,6	60,4	4727,1	3307,7	H226R
07.05.2015	302	PDE4D	H56P	FRLLHPHHPL	FRLLHPHHHL	9	10	C03:03	27,4	118,1	471,8	3766,3	H56P
07.05.2015	302	OR10G7	G20A	ALDAPLFGI	GLDAPLFGI	1	9	A02:06	16,5	26,5	35,9	48,1	G20A
07.05.2015	302	NAB2	R51C	QLYRVLQCA	QLYRVLQRA	8	9	A02:06	254,6	263	456,7	451,8	R51C
07.05.2015	302	NAB2	R51C	RVLQCANLL	RVLQRANLL	5	9	A02:06	123,3	309,4	265,9	554,9	R51C
07.05.2015	302	SLAMF8	G96E	SEDSGNFSV	SGDSGNFSV	2	9	A02:06	233,5	274,6	1170,7	1196,3	G96E
07.05.2015	302	HHAT	L75F	KQWLVWLFL	KQWLVWLLL	8	9	A02:06	7,5	10,4	24,1	40	L75F
07.05.2015	302	HHAT	L75F	WLFLGHMVV	WLLLGHMVV	3	9	A02:06	61	47,1	68	82,6	L75F
07.05.2015	302	HHAT	H78P	WLLLGPMVV	WLLLGHMVV	6	9	A02:06	243,8	47,1	53,6	82,6	H78P
07.05.2015	302	OR2L8	F199L	WVYEGTVLL	WVYEGTVFL	8	9	A02:06	7,6	4,6	13,3	7,2	F199L
07.05.2015	302	OR2L8	F199L	VLLSATIFL	VFLSATIFL	2	9	A02:06	20	874,1	19,2	1039,3	F199L
07.05.2015	302	OR2L8	F199L	LLSATIFLV	FLSATIFLV	1	9	A02:06	8	3,6	5,1	2,2	F199L
07.05.2015	302	OR2L8	G212A	FLVFPFIAI	FLVFPFIGI	8	9	A02:06	14,6	13,6	36,7	28,3	G212A
07.05.2015	302	OR2L8	G212A	AISCSYGQV	GISCSYGQV	1	9	A02:06	380	1249,2	953,1	2551,3	G212A
07.05.2015	302	OR2L8	Q219R	SYGRVLFAV	SYGQVLFAV	4	9	A02:06	233,5	170,6	1183,4	1028,1	Q219R
07.05.2015	302	OR2L8	Q219R	RVLFAVYHM	QVLFAVYHM	1	9	A02:06	138,9	289,9	174,3	579,4	Q219R
07.05.2015	302	TTLL12	A25G	GQALAEFAA	AQALAEFAA	1	9	A02:06	65,1	24,1	363,9	145,1	A25G
07.05.2015	302	SYN1	G530A	GQARQSRPV	GQGRQSRPV	3	9	A02:06	254,6	1602,1	638,7	3416,8	G530A
07.05.2015	302	PDE4D	H56P	RLLHPHHPL	RLLHPHHHL	8	9	A02:06	65,8	95,1	48,6	161,6	H56P
07.05.2015	302	SLC35G5	G46D	ALLDGGLPA	ALLGGGLPA	4	9	A02:06	13	45,1	40,9	84,4	G46D
07.05.2015	302	SLC35G5	G46D	LLDGGLPAG	LLGGGLPAG	3	9	A02:06	409,9	1989,2	1062	2873,7	G46D
07.05.2015	302	FOXD4L5	Y145S	FISGRFPYS	FISGRFPYY	9	9	A02:06	99,3	205,1	209,6	828,1	Y145S
07.05.2015	302	OR10G7	G20A	HAPALDAPL	HAPGLDAPL	4	9	B35:01	116,8	228,5	810,3	1145,6	G20A
07.05.2015	302	OR10G7	G20A	APALDAPLF	APGLDAPLF	3	9	B35:01	146,6	1158,1	167	1290,4	G20A
07.05.2015	302	KRT4	T364M	HVSDMSVVL	HVSDTSVVL	5	9	B35:01	146,6	161,6	254,6	218,8	T364M
07.05.2015	302	MRPL12	H36Y	VPCVCAVRY	VPCVCAVRH	9	9	B35:01	73,4	3099,8	120,7	7945,9	H36Y
07.05.2015	302	PER1	T870P	TPWPPPPAT	TPWPTPPAT	5	9	B35:01	352,2	104,8	461,7	186	T870P
07.05.2015	302	PER1	T870P	PPPPATTPF	PTPPATTPF	2	9	B35:01	268,8	2722,4	1602,1	19088,1	T870P
07.05.2015	302	GRIN2D	A1038P	APTAVGPPL	AATAVGPPL	2	9	B35:01	168,8	864,7	114,3	1183,4	A1038P
07.05.2015	302	HHAT	H78P	LVWLLLGPM	LVWLLLGHM	8	9	B35:01	207,3	5154,5	828,1	7208,7	H78P
07.05.2015	302	OR2L8	F199L	TVLLSATIF	TVFLSATIF	3	9	B35:01	471,8	149,8	743,1	243,8	F199L
07.05.2015	302	OR2L8	G212A	FPFIAISCS	FPFIGISCS	5	9	B35:01	115,6	167	299,5	211,8	G212A
07.05.2015	302	TTLL12	A25G	TPEEGGQAL	TPEEGAQAL	6	9	B35:01	134,5	71	260,2	214,1	A25G
07.05.2015	302	MUC4	A1222T	LPVTDTSSV	LPVTDASSV	6	9	B35:01	54,2	99,3	98,3	156,5	A2886T
07.05.2015	302	WWP2	D710N	IMLLTNWRF	IMLLTDWRF	6	9	B58:01	82,6	68,8	271,7	302,7	D710N
07.05.2015	302	MAST4	L73R	RGARAPAAW	LGARAPAAW	1	9	B58:01	11,3	19,6	50,2	37,5	L73R
07.05.2015	302	FOXD4L5	Y145S	YSRRKFPAW	YYRRKFPAW	2	9	B58:01	75,8	12790,9	63,7	14252,4	Y145S
07.05.2015	302	OR10G7	G20A	TGLPHAPAL	TGLPHAPGL	8	9	C03:03	34,4	249,2	274,6	2145,7	G20A
07.05.2015	302	NAB2	R51C	YRVLQCANL	YRVLQRANL	6	9	C03:03	223,6	216,5	6829	6539,8	R51C
07.05.2015	302	ZFHX2	T2270S	QSAGPGRPL	QTAGPGRPL	2	9	C03:03	4,9	6,7	161,6	188,1	T1222S
07.05.2015	302	ANGPTL6	V93G	AVAGEGRAL	AVAGEVRAL	6	9	C03:03	6,1	11,3	405,4	180,1	V93G
07.05.2015	302	LILRA6	V341M	VASGENMTL	VASGENVTL	7	9	C03:03	4	4,1	88,2	106	V341M
07.05.2015	302	OR2L8	F199L	TWVYEGTVL	TWVYEGTVF	9	9	C03:03	126	2032,7	13356,6	23699,6	F199L
07.05.2015	302	OR2L8	Y217C	ISCSCGQVL	ISCSYGQVL	5	9	C03:03	32,2	42,7	1196,3	1133,3	Y217C
07.05.2015	302	OR2L8	Q219R	ISCSYGRVL	ISCSYGQVL	7	9	C03:03	37,1	42,7	1655	1133,3	Q219R
07.05.2015	302	OR2L8	H226R	FAVYRMKSA	FAVYHMKSA	5	9	C03:03	34	34,4	186	84,4	H226R
