peptide	round_1	round_2	round_3	round_4	round_5	TCR
ADLVAFFKEASKR	32	19	407	44480	51187	2b4
ATHVAFLKAATKK	48	30	513	45157	48637	2b4
AAQVAFLKAATKA	28	27	731	48876	34095	2b4
ATHVAFLKAATKA	5	2	23	7129	4645	2b4
AAQVAFLKAATKK	3	3	32	6641	4331	2b4
ADWVAFLKQATKG	4	0	63	3085	2803	2b4
ADLVAFFKEASKK	0	0	5	1474	1473	2b4
AAPVAFLKSASKT	19	16	769	45760	1180	2b4
ANGLAFFKSASKT	15	8	257	19671	1144	2b4
ATHVAFLKAATKR	1	0	6	1117	1011	2b4
ADLVAFLKAATKA	1	0	4	871	860	2b4
ADLVAFLKAATKK	3	1	1	677	827	2b4
ADGVAFFMSATKT	4	12	473	32275	792	2b4
ADLVAFFKEASKA	1	0	2	1080	775	2b4
ADLVAFFKAATKA	0	0	4	833	695	2b4
ATHVAFLKAASKR	2	2	3	564	633	2b4
ADLVAFFKAATKK	0	0	1	598	565	2b4
AAQVAFFKEASKR	2	0	4	564	496	2b4
ATHVAFLKEASKR	2	0	3	415	380	2b4
ATHVAFFKEASKR	1	0	1	315	334	2b4
ADLVAFFKEATKK	0	1	3	286	331	2b4
ADAIAFFSSSLKR	8	2	236	11190	261	2b4
ADPIAFMKSAIKK	2	5	266	9138	242	2b4
ADLVAFFKSASKT	2	1	2	820	211	2b4
ATHVAFLKAATKT	2	1	4	1144	210	2b4
ADAISFLKSATKT	1	4	175	6044	163	2b4
ADLVAFFMSATKT	0	0	0	735	157	2b4
AAHVAFLKAATKK	1	0	1	203	145	2b4
ADLVAFLKSASKT	0	0	0	464	136	2b4
ANGLAFFKEASKR	0	0	2	1072	125	2b4
AALIETMIMLGKA	2	3	328	863	114	2b4
AAQVAFLKAATKR	0	0	0	178	110	2b4
AAQVAFLKAATKT	0	0	1	597	107	2b4
ATHVAFLKSASKT	0	0	3	558	103	2b4
AAQVAFLKAASKR	0	1	1	75	100	2b4
ADGVAFFMSATKK	2	0	10	1538	76	2b4
ADDIRARVRRSKT	2	10	289	796	74	2b4
ADWVAFLMFVTKG	0	0	27	283	68	2b4
ATQVAFLKAATKA	1	0	1	86	61	2b4
ADWVSLTKWRGKA	2	12	192	639	57	2b4
AAQVAFLKSASKT	0	0	1	374	57	2b4
ADLVAFFKEASKT	0	0	1	225	55	2b4
AAQVAFLKEASKR	0	0	0	69	53	2b4
ADLVAFFKEATKA	0	0	0	40	41	2b4
AAHVAFLKAATKA	0	0	0	81	39	2b4
ATHVAFLKAASKK	0	0	0	38	39	2b4
ANGVAFFRSSTKK	2	0	44	1502	38	2b4
ADGVAFFKEASKR	1	0	1	691	36	2b4
ANGLAFFKSASKA	1	0	1	395	36	2b4
ANGLAFFKSATKA	0	0	2	494	35	2b4
AAQVAFLKAATKG	0	0	2	76	33	2b4
ADWVAFLKQATKA	0	0	1	35	32	2b4
ADLVAFFSSSLKR	0	0	1	134	30	2b4
AAPVAFLKSATKA	1	0	2	671	29	2b4
ATHVAFLKEATKK	0	0	0	26	29	2b4
AAQVAFFKAATKA	0	0	0	45	28	2b4
ADSVWPRLPSSKT	0	0	1	1	28	2b4
ATHVAFFKAATKK	0	0	0	28	27	2b4
ADWVAFFKEASKR	0	0	0	20	27	2b4
AAQGAFLKAATKA	0	0	0	27	25	2b4
ADLVAFFKEATKR	0	0	0	23	25	2b4
ATHVAFFMSATKT	0	0	1	83	24	2b4
AAQVAFFMSATKT	0	0	1	217	23	2b4
ADLVAFLKAASKR	0	0	0	10	23	2b4
ADSLSFFSSSIKR	1	0	19	638	22	2b4
ANGLAFFKSASKK	0	0	0	236	22	2b4
ADLVAFFKEASKG	0	0	0	21	22	2b4
ADLIAYLKQATKG	1	4	0	2	22	2b4
ADLLAFFSSSLKR	0	0	22	841	21	2b4
AAPVAFLKAATKK	0	1	1	400	21	2b4
ADLVAFFKAATKR	0	0	0	16	21	2b4
ADLGAFFKEASKR	0	0	0	15	21	2b4
AAPVAFLKAATKA	0	0	0	408	20	2b4
ADLVAFLKEASKR	0	0	0	20	20	2b4
ADLVAFFKAASKR	0	0	0	13	20	2b4
AAQVAFLKAASKT	0	0	0	55	18	2b4
ATYVAFLKAATKK	0	0	0	20	18	2b4
ADGVAFLKAATKK	0	0	1	320	17	2b4
ATSVWCRLVKEKG	1	0	52	159	17	2b4
ADLVAFLKAATKR	0	0	0	22	17	2b4
ATQVAFLKAATKK	0	0	0	16	17	2b4
DTHVAFLKAATKK	0	0	0	8	17	2b4
ADLVAFFMSATKK	0	0	0	47	16	2b4
ADWVAFLKAATKA	0	0	0	31	16	2b4
AAQVAFLKAATKE	0	0	1	29	16	2b4
AAQVAFFKAATKK	0	0	0	28	16	2b4
ANGLAFFKSATKK	0	0	1	177	15	2b4
ATHVAFFKSASKT	0	0	0	49	15	2b4
ATHVAFLKAATKG	0	0	0	18	15	2b4
ATHVAFLKEASKK	0	0	0	15	15	2b4
ADGVAFLKAATKA	0	0	1	420	14	2b4
AAQVAFFKSASKT	0	0	0	102	14	2b4
ANGLAFFKAATKK	0	0	1	94	14	2b4
ATHVAFLKAAIKK	0	0	0	82	14	2b4
AAQVAFFKEASKA	0	0	0	18	14	2b4
ADLVAFFKEESKR	0	0	0	13	14	2b4
TTHVAFLKAATKK	0	0	0	11	14	2b4
ADLVAFFKKASKR	0	0	0	9	14	2b4
AAQVAFFKEASKK	0	0	0	28	13	2b4
ATHVVFLKAATKK	0	0	0	17	13	2b4
ADLVAFFNEASKR	0	0	1	14	13	2b4
AAQVAFLNAATKA	0	0	0	12	13	2b4
AAQVALLKAATKA	0	0	0	10	13	2b4
ATHVAFLKAVTKK	0	0	2	9	13	2b4
ADLVAFFKEASKS	0	0	0	9	13	2b4
ATHVEFLKAATKK	0	0	1	8	13	2b4
ATHGAFLKAATKK	0	0	0	2	13	2b4
ADGVAFFMSATKA	0	0	3	428	12	2b4
ANGLAFFKAATKA	0	0	0	88	12	2b4
ADLVAFFKDASKR	0	0	0	15	12	2b4
AAQVAFLKAAIKA	0	0	0	14	12	2b4
AAQAAFLKAATKA	0	0	0	13	12	2b4
ADLVVFFKEASKR	0	0	0	6	12	2b4
ANGLAFFKSAIKK	0	0	2	497	11	2b4
AAKVAFLKAATKA	0	0	1	65	11	2b4
STHVAFLKAATKK	0	0	0	54	11	2b4
ADLVAFFKEAPKR	0	0	0	13	11	2b4
ATHVAFLKAANKK	0	0	0	9	11	2b4
AAQVAFLKAATKV	1	0	0	8	11	2b4
ADLVAFLKQATKG	0	0	0	5	11	2b4
AIHVAFLKAATKK	0	0	0	4	11	2b4
ADVIWRHNSGWKG	0	1	0	0	11	2b4
ADLVAFFKEVSKR	0	0	0	18	10	2b4
ANLVAFFKEASKR	0	0	0	13	10	2b4
ANHVAFLKAATKK	0	0	1	12	10	2b4
ADLVAFFKEAFKR	0	0	0	12	10	2b4
ADLVAFFKGASKR	0	0	0	10	10	2b4
ADLVAFFMEASKR	0	0	0	5	10	2b4
ADWVAFLKQATKR	0	0	0	4	10	2b4
ATHVAFLKAATEK	0	0	0	1	10	2b4
ANGVAFFLTPFKA	24	24	27277	201208	238583	5cc7
AAQVAFLKAATKA	14	15	19721	148655	186297	5cc7
ADGVGFLKAASKR	10	11	11984	99513	163019	5cc7
AAGVAFFRVPYKE	1	4	4042	24818	38599	5cc7
ADGVGFFVSPFKK	5	5	5795	42320	29621	5cc7
ADWIAYFRSPFKG	5	33	17265	129855	26895	5cc7
ADGLAYFRSSFKG	5	9	10336	59971	9597	5cc7
ADLVGFFKTATKK	2	3	2392	16250	6895	5cc7
ANLVAFFRSPYKA	0	3	2978	19718	5394	5cc7
ADRLAYFLQPYKR	0	0	1450	8898	5076	5cc7
ADGIAYSRSSYKT	0	5	5273	28002	4738	5cc7
ANGVAFFKSSSKE	1	3	4461	21588	4636	5cc7
ADLVAFFKEASKR	13	8	2739	14477	3840	5cc7
ADGVAFFLTPFKA	0	0	58	1540	3100	5cc7
ADGVGFFVSPFKA	0	1	108	3156	2949	5cc7
AAGIAYMRAPYKR	0	3	1268	8980	2895	5cc7
ANGIGYFRSAFKE	2	2	3158	16637	2679	5cc7
AAGVAFFRVPYKA	1	0	93	2033	2262	5cc7
ADWIAYFRSPFKA	0	1	237	5000	2111	5cc7
ANGVGFLKAASKR	0	0	9	708	2099	5cc7
ANGVAFLKAATKA	0	0	29	1153	2051	5cc7
ADKVAWFKLPYKG	0	2	1970	13414	2032	5cc7
ADGVAFFRVATKR	0	1	1273	7082	1925	5cc7
ADGVAFFAQPYKE	1	2	2114	7695	1461	5cc7
ANGVAFFLTPFKG	0	0	295	4980	1337	5cc7
ADGVGFLKAATKA	0	0	42	841	1334	5cc7
ADMVAYFRLPFKK	0	1	1661	5983	1314	5cc7
ADGIAFPKTATKT	1	1	719	3743	1289	5cc7
ADGVGYFLAAFKG	1	1	586	4009	1167	5cc7
ADGVAFFVSSYKR	0	0	790	4486	1144	5cc7
ADGVGFFVSPFKG	0	0	180	4703	987	5cc7
ANGVAFFLTPFKK	0	0	53	1067	861	5cc7
ANGVAFFRVPYKE	0	0	13	325	831	5cc7
ADGVGFFLTPFKA	0	0	9	314	790	5cc7
ADSVAFFRRPYKR	1	1	567	3393	782	5cc7
ADRLAFTRRPYKA	0	0	675	4199	778	5cc7
ANGVAFVVSPFKT	0	1	787	3600	738	5cc7
AAGVAFFLTPFKA	0	0	19	347	716	5cc7
ANGVAFLKAASKR	0	0	5	220	624	5cc7
ANGVAFFKSSSKA	0	0	94	2033	623	5cc7
ADGIGFFVTPIKR	0	0	623	2870	569	5cc7
ADLVAFFKEASKA	0	0	66	1435	531	5cc7
AAQVAFFLTPFKA	0	0	6	326	515	5cc7
ANCVVSRMGGLKA	0	19	1942	665	497	5cc7
ADGVGFLKAASKA	0	0	16	356	484	5cc7
ADWIAYFRSPFKK	0	0	90	1820	473	5cc7
ADGVAFTRSSFKT	0	0	248	1209	463	5cc7
ADGVAFFRVPYKE	0	0	10	159	461	5cc7
ANGIGYFRSAFKA	0	0	75	1666	446	5cc7
ATRLVVQICHGKG	0	49	630	310	444	5cc7
AAGVGFLKAASKR	0	0	8	104	410	5cc7
AAQVAFLKAASKR	0	0	5	199	381	5cc7
ADAVAYFRVPYKR	6	1	361	1573	360	5cc7
ADGVAFLKAATKA	0	0	10	202	301	5cc7
ADGVAFFRAPRKK	1	0	516	1395	280	5cc7
ANGVAFFLTPFKE	0	0	30	332	280	5cc7
ATGIAFLRHPYKA	0	0	420	1480	263	5cc7
AAGVAFLKAATKA	0	0	3	121	246	5cc7
ADGIAFFIQSTKT	0	0	481	1176	232	5cc7
AAGVAFFRVPFKA	0	0	4	82	183	5cc7
ANWVSSPMGLMKR	0	0	510	337	177	5cc7
AAGVAFFRVPYKR	0	0	17	350	176	5cc7
ADGIAFGRSSFKT	0	1	256	1058	173	5cc7
AAGVAFFRVPYKG	0	0	25	417	158	5cc7
ANGIGYFRSAFKG	0	0	136	2850	135	5cc7
ANGVAFFLTPYKE	0	0	3	63	135	5cc7
AAQVAFLKAATKE	0	0	14	116	123	5cc7
ATWLVPSLMTMKE	0	1	139	65	122	5cc7
ADWIAYFRSPFKE	1	0	89	1356	119	5cc7
ANGVAFFLSAFKK	0	0	120	457	114	5cc7
ADGVGFLKAASKK	0	0	18	77	114	5cc7
ANLVAFFLTPFKA	0	0	3	229	107	5cc7
ANLVAFFRSPYKE	0	0	12	303	106	5cc7
AAGIAYMRAPYKE	0	0	8	157	104	5cc7
AARLVMVVREQKE	0	31	464	45	100	5cc7
ADGLAYFRSSFKA	0	0	18	342	94	5cc7
ADLVAFFKAATKA	0	0	11	269	93	5cc7
AAKVPSFMRWTKA	1	5	582	225	92	5cc7
AAQVAFLKAATKG	0	0	25	174	90	5cc7
AAQVAFLKAASKA	0	0	21	82	90	5cc7
ANGVAFFLTLFKA	0	0	5	61	89	5cc7
ANGVAFFAQPYKE	0	0	16	229	88	5cc7
ATCLLLALGVMKG	0	2	264	63	85	5cc7
AAGVAFFRVPYKT	0	0	20	304	84	5cc7
ANGVAFFKAATKA	0	0	14	320	83	5cc7
ANGVAFFRSPYKA	0	0	7	216	80	5cc7
ANGVAFFLMPFKA	0	0	5	77	77	5cc7
ANCVRKSWQWYKK	0	2	450	348	76	5cc7
ANGVGFFVSPFKK	0	0	4	107	74	5cc7
AANIMKREWETKA	0	0	317	223	72	5cc7
ANGVAFFLTPYKA	0	0	6	112	70	5cc7
ANGVAFFLTPFKT	0	0	22	96	65	5cc7
AAQVAFLKAVTKA	0	0	15	60	65	5cc7
ANGVAFLLTPFKA	0	0	7	56	64	5cc7
ADQVAFLKAATKA	0	0	3	52	64	5cc7
ANGVAFFRVPYKA	0	0	0	26	64	5cc7
ADLVGFFKTATKA	0	0	4	123	63	5cc7
ANGVAYFRSSFKG	0	0	5	230	62	5cc7
AVQVAFLKAATKA	0	0	5	49	62	5cc7
ANGVAFFLTPLKA	0	0	7	68	61	5cc7
AAQVAFLKAATKK	0	0	6	99	60	5cc7
AAQVAFLKAATKT	0	0	24	75	60	5cc7
ANWVAFFLTPFKA	0	0	8	55	60	5cc7
ANGVGFFLTPFKA	0	0	4	30	59	5cc7
AVGVGFLKAASKR	0	0	2	20	59	5cc7
ANGVAFFLTSFKA	0	0	9	55	58	5cc7
ADGVGFLKAARKR	0	0	3	46	58	5cc7
ADGVGFLKATSKR	0	0	5	38	58	5cc7
AAVLRVFGKGAKG	0	0	171	407	57	5cc7
ADLVAFLKAATKA	0	0	5	152	57	5cc7
ADGVGFLMAASKR	0	0	7	50	57	5cc7
ANGVAFFKEASKR	0	0	9	197	56	5cc7
ANGVAFFLTPFKV	0	1	10	60	56	5cc7
ADGVGFLKAASKG	0	0	16	49	56	5cc7
ADGVGFLKVASKR	0	0	3	36	56	5cc7
ANGVVFFLTPFKA	0	0	7	48	55	5cc7
DNGVAFFLTPFKA	0	0	6	42	55	5cc7
ADGVGFLKAACKR	0	0	9	59	54	5cc7
AAQVAFLKVATKA	0	0	9	42	54	5cc7
AAQVVFLKAATKA	0	0	6	42	53	5cc7
AAQVAFFKAATKA	0	0	7	55	52	5cc7
ADGVGFLKASSKR	0	0	4	49	52	5cc7
TNGVAFFLTPFKA	0	0	6	45	52	5cc7
AAQVAFLKAATKR	0	0	11	142	51	5cc7
ANVVAFFLTPFKA	0	0	3	45	51	5cc7
ADGVGLLKAASKR	0	0	3	36	51	5cc7
ANGIAFFLTPFKA	0	0	6	58	50	5cc7
AAQVAFLKAAAKA	0	0	7	53	50	5cc7
ADGVGFFKTATKK	0	0	3	101	49	5cc7
AAKVAFLKAATKA	0	0	9	46	49	5cc7
AAQVAFLKAAIKA	0	0	11	45	49	5cc7
AYGVAFFLTPFKA	0	0	17	58	48	5cc7
AIGVAFFLTPFKA	0	0	4	54	48	5cc7
ADGVGFLKAVSKR	0	0	5	36	48	5cc7
AAQVAFLKAATKV	0	0	4	35	47	5cc7
AAGVAFFRAPYKE	0	0	7	31	46	5cc7
AALVAFLKAATKA	0	0	6	48	45	5cc7
ANGVAFFLTTFKA	0	0	10	37	45	5cc7
ANGVAFFHTPFKA	0	0	7	35	45	5cc7
ANGVAFFLKPFKA	0	0	6	33	45	5cc7
ANGVALFLTPFKA	0	0	7	60	44	5cc7
ADLVGFFKTATKR	0	0	8	151	43	5cc7
ANGLAYFRSSFKG	0	0	8	144	43	5cc7
ANGVTFFLTPFKA	0	0	1	45	43	5cc7
AAQVALLKAATKA	0	0	4	43	43	5cc7
AAQVAFLKATTKA	0	0	7	40	43	5cc7
ADGVGFLKAASIR	0	0	3	31	43	5cc7
ANGVAFFLTPIKA	0	0	6	25	43	5cc7
ANLVAFFRSPFKA	0	0	8	124	42	5cc7
ADGIGFLKAASKR	0	0	5	42	42	5cc7
ADGVGFLKADSKR	0	0	7	32	42	5cc7
ADGVAFFVSSYKA	0	0	8	186	41	5cc7
ANRVAFFLTPFKA	0	0	9	47	41	5cc7
ANGVAFFFTPFKA	0	0	4	43	41	5cc7
ADSVAFFRRPYKE	0	0	1	97	40	5cc7
ATQVAFLKAATKA	0	0	9	41	40	5cc7
ANGVAFFLTPVKA	0	0	4	36	40	5cc7
ANGVEFFLTPFKA	0	0	2	34	40	5cc7
ANGVAFFLTPFIA	0	0	11	27	40	5cc7
AAQVAFLKAETKA	0	0	6	51	39	5cc7
ADGVGVLKAASKR	0	0	2	28	39	5cc7
AAQVAFLKASTKA	0	0	6	42	38	5cc7
TAQVAFLKAATKA	0	0	8	30	38	5cc7
ADGVGFFKAASKR	0	0	2	30	38	5cc7
ADWVGFLKAASKR	0	0	4	29	38	5cc7
ANLIMWPRPWFKR	0	1	421	81	37	5cc7
ADGVGFLKDASKR	0	0	1	37	37	5cc7
ANEVAFFLTPFKA	0	0	11	35	37	5cc7
ANGVAFFLTQFKA	0	0	5	27	37	5cc7
ADLVAFFLTPFKA	0	0	5	132	36	5cc7
ANGVAFFITPFKA	0	0	5	29	36	5cc7
ADGVAFFRVATKK	0	0	7	176	35	5cc7
AAQVAFFKEASKR	0	0	3	69	35	5cc7
AAQVAFLKTATKK	0	0	0	42	35	5cc7
ADGVGFLKAANKR	0	0	5	28	35	5cc7
AAQVEFLKAATKA	0	1	8	23	35	5cc7
AAQIAFLKAATKA	0	0	1	21	35	5cc7
ATSIRVVMPWWKT	0	2	155	96	34	5cc7
AAQVAFLMAATKA	0	0	9	44	34	5cc7
ASQVAFLKAATKA	0	0	5	28	34	5cc7
AAQVAFLKAATIA	0	0	6	27	34	5cc7
ADGVAFFLTPFKG	0	0	1	59	33	5cc7
ATGVAFFLTPFKA	0	0	6	30	33	5cc7
VNGVAFFLTPFKA	0	0	4	26	33	5cc7
AARVAFLKAATKA	0	0	1	19	33	5cc7
ADGVAFLKAASKR	0	0	1	17	33	5cc7
ADRVGFLKAASKR	0	0	3	15	33	5cc7
AAGVAYFRSPFKG	0	0	2	44	32	5cc7
AAQVAFLKTATKA	0	0	6	31	32	5cc7
ADGVEFLKAASKR	0	0	5	24	32	5cc7
ADGVGFLNAASKR	0	0	3	24	32	5cc7
DAQVAFLKAATKA	0	0	8	19	32	5cc7
ANGIGYFRSAFKK	0	0	14	214	31	5cc7
ADAIRAISPWWKA	0	2	107	68	31	5cc7
ADGVGFLKAASKS	0	0	3	12	31	5cc7
AAQVTFLKAATKA	0	0	4	31	30	5cc7
ADGVGFLQAASKR	0	0	2	27	30	5cc7
ADVVGFLKAASKR	0	0	6	26	30	5cc7
ADGVGFFRVPYKE	0	0	0	25	30	5cc7
ANGVAFSLTPFKA	0	0	4	21	30	5cc7
ANGVAYSRSSYKT	0	0	3	126	29	5cc7
AAALSRGEKGLKR	0	6	399	83	29	5cc7
AAQVAFLKDATKA	0	0	4	35	29	5cc7
ADGVGFLKTASKR	0	0	3	16	29	5cc7
ADGIAYSRSSYKE	0	0	2	87	28	5cc7
ANLVAFLKAATKA	0	0	1	74	28	5cc7
ADGVGFLKAASNR	0	0	3	29	28	5cc7
ANGVAVFLTPFKA	0	0	10	27	28	5cc7
AAQVAFLNAATKA	0	0	3	23	28	5cc7
DDGVGFLKAASKR	0	0	4	17	28	5cc7
ADGVGFLEAASKR	0	0	3	12	28	5cc7
ADWIAYFRSSFKG	0	0	18	406	27	5cc7
ANGIAYSRSSYKT	0	0	3	106	27	5cc7
ADGVAFFKSSSKE	0	0	7	102	27	5cc7
ADGVGFFVSPFKR	0	0	12	61	27	5cc7
ANGAAFFLTPFKA	0	0	3	26	27	5cc7
AYGVGFLKAASKR	0	0	4	14	27	5cc7
ADKVAWFKLPYKA	0	0	7	207	26	5cc7
AAQVAFLKAANKA	0	0	1	33	26	5cc7
ADGFGFLKAASKR	0	0	2	25	26	5cc7
AAHVAFLKAATKA	0	0	7	24	26	5cc7
ANGVGFLKAATKA	0	0	0	8	26	5cc7
ANGVAFFVSSYKR	0	0	1	70	25	5cc7
ADGVGFLKAAIKR	0	0	1	24	25	5cc7
ANRLGEGWLDCKA	0	0	139	19	25	5cc7
VDGVGFLKAASKR	0	0	4	10	25	5cc7
SNGVAFFLTPFKA	0	0	1	5	25	5cc7
ADGIAFGRSSFKA	0	0	7	88	24	5cc7
AAGVAYFRSSFKG	0	0	5	87	24	5cc7
ADGVGYFLAAFKA	0	0	1	55	24	5cc7
ADGVGFLKAASKT	0	0	11	42	24	5cc7
ANGVAFFLTPFRA	0	0	7	20	24	5cc7
ANGVAFTRSSFKT	0	0	0	19	24	5cc7
AAQVAFPKAATKA	0	0	4	18	24	5cc7
ADSVAFFRRPYKA	0	0	7	209	23	5cc7
ADLLMHWQWWRKG	0	0	213	99	23	5cc7
ANGVAFFLTPSKA	0	0	7	26	23	5cc7
AAQVAFLKSATKA	0	0	5	22	23	5cc7
TDGVGFLKAASKR	0	0	2	22	23	5cc7
ANGVAFFLTPCKA	0	0	4	19	23	5cc7
ANGVAFFLTPFEA	0	0	2	19	23	5cc7
AKGVAFFLTPFKA	0	0	4	17	23	5cc7
AAQVASLKAATKA	0	0	3	16	23	5cc7
ADGVWFLKAASKR	0	0	1	14	23	5cc7
ADGVRFLKAASKR	0	0	8	13	23	5cc7
ADGVGILKAASKR	0	0	0	11	23	5cc7
ADGVGFLKAASRR	0	0	2	6	23	5cc7
ADGLAYFRSSFKK	0	0	27	300	22	5cc7
AALIVPREGHFKT	0	7	695	156	22	5cc7
VAQVAFLKAATKA	0	0	3	37	22	5cc7
ADGVGFLKSASKR	0	0	3	24	22	5cc7
AAQVAFHKAATKA	0	0	3	23	22	5cc7
ANGFAFFLTPFKA	0	0	3	22	22	5cc7
AAQVAFLKAAPKA	0	0	1	21	22	5cc7
ADGVGFSKAASKR	0	0	2	19	22	5cc7
ADGVAFFRVPYKA	0	0	2	15	22	5cc7
AAQVAFLEAATKA	0	0	1	12	22	5cc7
ADGVAFFVSPFKK	0	0	3	63	21	5cc7
ADEVGFLKAASKR	0	0	5	17	21	5cc7
ANGVAFFLTPFKS	0	0	1	16	21	5cc7
ADGAGFLKAASKR	0	0	0	13	21	5cc7
ADGIGFFVTPIKK	0	0	3	140	20	5cc7
ADGVGFFVSPFKT	0	0	1	79	20	5cc7
ADGVAFFVSSYKE	0	0	3	45	20	5cc7
ADGVGFLKAASER	0	0	0	20	20	5cc7
ANGVAFYLTPFKA	0	0	1	18	20	5cc7
ADGVGFLKAAGKR	0	0	4	15	20	5cc7
AAQVAFLKAATEA	0	0	2	14	20	5cc7
ADGVAFFLTPFKK	0	0	1	13	20	5cc7
AAQVGFLKAATKA	0	0	0	9	20	5cc7
AVGVAFFRVPYKE	0	0	1	8	20	5cc7
ADWVAYFRSPFKG	0	0	16	104	19	5cc7
AAQVAWFKLPYKG	0	0	1	84	19	5cc7
AAGVAFFRVPFKG	0	0	0	43	19	5cc7
ANGVAYFLQPYKR	0	0	1	20	19	5cc7
AAQAAFLKAATKA	0	0	7	19	19	5cc7
AARIPCEVTFFKG	0	0	149	14	19	5cc7
ANGVAFFPTPFKA	0	0	1	13	19	5cc7
ANGVAFFLTAFKA	0	0	2	18	18	5cc7
ANGVAFFLTRFKA	0	0	1	16	18	5cc7
AAQFAFLKAATKA	0	0	6	14	18	5cc7
ADGVGFLKAASKI	0	0	2	12	18	5cc7
ADGVVFLKAASKR	0	0	1	11	18	5cc7
ADGLAYFRSPFKG	0	0	16	424	17	5cc7
ADLVGFFKTATKT	0	0	4	75	17	5cc7
ADWIAYFHSPFKG	0	0	8	52	17	5cc7
ADGVGFFVSPFKE	0	0	1	43	17	5cc7
AAGVAFFRVATKR	0	0	3	25	17	5cc7
AAGVAFFRVPYKK	0	0	3	23	17	5cc7
AAQVAFIKAATKA	0	0	7	21	17	5cc7
AAQVAFLKAATNA	0	0	4	19	17	5cc7
AAQVAYLKAATKA	0	0	5	17	17	5cc7
ADGVGFMKAASKR	0	0	2	12	17	5cc7
ADGVGFLTAASKR	0	0	2	10	17	5cc7
ADGVGFLRAASKR	0	0	5	7	17	5cc7
ADMVAYFRLPFKG	0	0	38	483	16	5cc7
ADGIAYFRSPFKG	0	0	7	152	16	5cc7
ADGVGFFVSPYKA	0	0	10	128	16	5cc7
ADRLAYFLQPYKE	0	0	5	100	16	5cc7
ADGIAYSRSSYKA	0	0	5	100	16	5cc7
ADKVAWFKLPYKR	0	0	2	100	16	5cc7
ADKVAFLKAATKA	0	0	2	75	16	5cc7
ADSVAFFLTPFKA	0	0	2	51	16	5cc7
ANGVAFFRAPRKK	0	0	3	47	16	5cc7
ANGVASFLTPFKA	0	0	1	28	16	5cc7
ANGVAFFLSPFKA	0	0	2	21	16	5cc7
ANGVAFFLTPFNA	0	0	2	19	16	5cc7
ANGVAFFLAPFKA	0	0	0	12	16	5cc7
AAEVAFLKAATKA	0	0	2	11	16	5cc7
AEGVGFLKAASKR	0	0	0	9	16	5cc7
ANGVAFCLTPFKA	0	0	0	8	16	5cc7
ANGVSFFLTPFKA	0	0	6	5	16	5cc7
ADGVGFLKAPSKR	0	0	1	5	16	5cc7
ADGVAFFVSSYKT	0	0	14	211	15	5cc7
ANGVAWFKLPYKG	0	0	1	68	15	5cc7
ANGIGFLKAASKR	0	0	3	35	15	5cc7
AAGVGFFVSPFKK	0	0	2	23	15	5cc7
ANGDAFFLTPFKA	0	0	2	21	15	5cc7
AAGVAFFRGPYKE	0	0	6	18	15	5cc7
SAQVAFLKAATKA	0	0	1	16	15	5cc7
AAQVGFLKAASKR	0	0	0	16	15	5cc7
ANGVAFFLPPFKA	0	0	2	13	15	5cc7
AAQVAVLKAATKA	0	0	0	12	15	5cc7
ASGVAFFLTPFKA	0	0	2	10	15	5cc7
AAGVVFFRVPYKE	0	0	2	3	15	5cc7
ADWIAYSRSSYKT	0	0	7	290	14	5cc7
ADGLAYFRSSFKE	0	0	12	80	14	5cc7
ADQIRHVWQWYKT	0	2	170	58	14	5cc7
ADGVGFFVSSYKR	0	0	2	57	14	5cc7
ADWIAFFRVPYKE	0	0	0	31	14	5cc7
AAQVAFFRSPYKA	0	0	2	30	14	5cc7
ADLVGFLKAASKR	0	0	2	17	14	5cc7
ANPVGGLAIPRKK	0	1	71	15	14	5cc7
ADQLSQSWTWYKG	0	0	53	15	14	5cc7
AAGVAFFRVPFKE	0	0	0	12	14	5cc7
ANGVACFLTPFKA	0	0	2	11	14	5cc7
ANGGAFFLTPFKA	0	0	3	9	14	5cc7
AAGVAFFWVPYKE	0	0	1	9	14	5cc7
AAQVAFLKAGTKA	0	0	4	8	14	5cc7
ADGVGCLKAASKR	0	0	2	8	14	5cc7
AAQVAFLKAATKS	0	0	4	7	14	5cc7
ANGVHLCLGLAKE	0	2	61	4	14	5cc7
SDGVGFLKAASKR	0	0	1	4	14	5cc7
ADLVLSCPLCCKT	0	10	160	1	14	5cc7
ADGVAFFAQPYKR	0	0	11	122	13	5cc7
ADGVAYFRSSFKG	0	0	5	69	13	5cc7
ADWIAYFRSPFKR	0	0	9	53	13	5cc7
ADGVGFFVFPFKK	0	0	3	23	13	5cc7
ADWIDYFRSPFKG	0	0	5	22	13	5cc7
ADGVGFFLSPFKK	0	0	2	18	13	5cc7
AAQVAFLQAATKA	0	0	5	9	13	5cc7
ADGVGFFGSPFKK	0	0	3	9	13	5cc7
AAGVAFFRVSYKE	0	0	3	9	13	5cc7
AAQVAFLKAATRA	0	0	2	9	13	5cc7
AAGVAFFREPYKE	0	0	0	8	13	5cc7
ADGIAYSRSSYKR	0	0	5	142	12	5cc7
ANLVAFFRSPYKR	0	0	8	137	12	5cc7
ADGVAFFAQPYKA	0	0	11	122	12	5cc7
ADGIGYFRSAFKE	0	0	5	65	12	5cc7
ANGVAFVVSPFKA	0	0	2	51	12	5cc7
ANGVAFFRRPYKR	0	0	3	41	12	5cc7
ADGIAFPKTATKK	0	0	1	40	12	5cc7
AAGVAYSRSSYKT	0	0	2	35	12	5cc7
AAQVAFFKSSSKE	0	0	2	23	12	5cc7
AAQVAFLRAATKA	0	0	4	17	12	5cc7
AAQDAFLKAATKA	0	0	5	15	12	5cc7
ANGVAFFLTPFKP	0	0	1	9	12	5cc7
ADGDGFLKAASKR	0	0	0	9	12	5cc7
AAGIAFFRVPYKE	0	0	1	8	12	5cc7
AAGVAFFRVLYKE	0	0	1	8	12	5cc7
AAPVAFLKAATKA	0	0	1	7	12	5cc7
ADGVGFVKAASKR	0	0	1	7	12	5cc7
ADGVGSLKAASKR	0	0	2	6	12	5cc7
AAGVAFFQVPYKE	0	0	1	6	12	5cc7
AAGVAFLRVPYKE	0	0	1	6	12	5cc7
ADWIAYLRSPFKG	0	0	9	43	11	5cc7
ADSVAFLKAATKA	0	0	0	21	11	5cc7
AAQVAFLKEASKR	0	0	1	19	11	5cc7
ADGVGFFKSSSKE	0	0	0	17	11	5cc7
ADGGGFLKAASKR	0	0	0	16	11	5cc7
AGGVGFLKAASKR	0	0	1	12	11	5cc7
AAGVAFFRVPFKK	0	0	0	12	11	5cc7
ADGVGFFVSLFKK	0	0	4	10	11	5cc7
AAQGAFLKAATKA	0	0	1	10	11	5cc7
AARVAFFRVPYKE	0	0	0	10	11	5cc7
ATLIGVTSCCIKA	0	1	32	8	11	5cc7
AAGVAFFRVPYKD	0	0	2	6	11	5cc7
ANGLAFFLTPFKA	0	0	2	5	11	5cc7
AAQVAFLTAATKA	0	0	1	5	11	5cc7
ADGVGFFVSPIKK	0	0	0	5	11	5cc7
AAGVAFFRVQYKE	0	0	4	4	11	5cc7
ADGVGFLKGASKR	0	0	1	2	11	5cc7
ADKVAWFKLPYKE	0	0	13	116	10	5cc7
ADGLAYFRLSFKG	0	0	5	38	10	5cc7
ADGVAFFRSPYKA	0	0	4	33	10	5cc7
ADWIANFRSPFKG	0	0	5	32	10	5cc7
ANGVAYFRLPFKK	0	0	0	26	10	5cc7
AAQVAFLKAPTKA	0	0	0	16	10	5cc7
ANGVAFFLRPFKA	0	0	2	12	10	5cc7
AAGVAFFRVPNKE	0	0	0	11	10	5cc7
AAGVAFFRLPYKE	0	0	1	7	10	5cc7
ADGVGFLKAGSKR	0	0	0	7	10	5cc7
ANGVAIFLTPFKA	0	0	2	4	10	5cc7
ANGVGFLKAASKA	0	0	0	3	10	5cc7
AAGVAFLKAASKR	0	0	0	1	10	5cc7
ADGVAFFLTPFKE	0	0	0	1	10	5cc7
AAQVAFLKAATKA	14	34	8948	28248	54054	226
ADLVAFFKEASKR	13	22	7200	23036	40973	226
ADKIAFFKSVTKK	0	16	6980	18954	37810	226
ANLLGYHKVPTKK	1	36	9452	28169	26362	226
ADPVAFFRSPFKT	2	11	4229	9425	19895	226
ATDIAFFRACTKG	0	15	5172	13091	18423	226
ANRIAWVKAATKT	3	21	4887	12395	15334	226
ADWVGWFKAATKG	0	17	3291	9547	14181	226
ADWIAYFRSPFKG	5	12	3688	9735	13059	226
ATYVAFSKSATKR	0	2	2760	8177	12977	226
ADHIAFLRSATKR	1	6	2119	5968	12801	226
ADSIAYFKTCSKT	0	13	2228	5559	11713	226
ADPVAYSRSATKR	1	6	2700	7103	10152	226
ANWLAFFQAPTKR	0	6	3177	8739	9841	226
ANRVAYSKCPTKK	0	6	1670	4826	9398	226
ADAIAWGKSATKR	0	9	1643	4865	9360	226
ADFIGYLKQATKG	0	6	1693	4653	9290	226
ADWVAFAKAAGKG	30	25	2274	6287	8982	226
ADGVGFLKAASKR	10	10	1284	4141	8902	226
ADAIGYFKTASKK	1	4	1526	4395	8873	226
ADGIGWGKQATKA	1	12	2407	7356	8489	226
ADPIAYMKASNKR	1	12	2408	6404	8243	226
ADRVAFFRTASKT	0	1	2826	7319	8227	226
ADGLGFMKQATKG	0	9	1508	4231	7931	226
ANGVAFFRSSTKK	1	2	1267	3667	6923	226
ATPIAYMRQATKK	0	5	1995	5070	6492	226
ADWLGFFRASTKK	1	3	1600	4315	5963	226
ADPVAYMRSASKR	1	7	3881	9312	5892	226
ANWVAYLKTASKT	0	4	1160	3229	5857	226
AAPVAFMRAGTKT	0	7	1544	3651	5760	226
ADRVAFLKSPTKT	0	3	956	2783	5702	226
ADGVAFAQAATKR	0	12	2869	7885	5683	226
ADAISFLKSATKT	0	0	1283	2950	5653	226
ANGLAFFKSASKT	0	7	997	2609	5464	226
ANAIAFAKCATKR	0	3	871	2572	5128	226
ADKVGYHKSSTKK	0	4	1150	3595	4887	226
AADLAYMKQATKR	0	1	701	3085	4247	226
ADMLAWLKSATKT	1	5	987	2786	4048	226
ANHIAYLKASTKA	0	3	812	2370	3992	226
ANPVAFFRSSYKK	0	3	1951	4242	3969	226
ADWVGYSKSASKR	0	4	632	1921	3925	226
ADPVAYIKQAGKE	0	6	983	2845	3833	226
AAPLAFVKAATKA	0	2	607	2219	3593	226
ADLLAFAKSSTKE	0	2	1322	4376	3578	226
ADPLAYCKAPTKR	1	0	839	2483	3531	226
ATDIAYQKSGTKT	0	0	549	1545	3386	226
ADPVAYVRAPYKE	0	7	1786	4111	3149	226
ADLVGFFKTATKK	2	3	404	1291	2829	226
ANAIGFHKSATKE	0	3	584	1859	2319	226
ADRVAFFKVPTKE	0	8	462	1383	2251	226
ANLVAFFRSPYKA	0	4	884	2663	2236	226
ADGIAFQRSATKG	0	3	641	1785	2183	226
ANGIGFLRAATKG	0	0	1060	2878	2126	226
ADWIGFFKGCTKR	0	3	823	2343	2061	226
ANPVAYCQSATKA	0	1	1170	2688	1990	226
ADLIAYPKSANKR	1	7	2690	8356	1930	226
ADMLAYMKGATKT	0	7	1136	2833	1834	226
ADKIAFFKSVTKA	0	0	112	689	1818	226
ANAIGFFKSGTKR	1	1	317	1007	1771	226
ADWVAFGKAGTKE	1	17	3006	8247	1763	226
ANGVAFLRASTKR	0	5	501	1373	1751	226
ATKVGYMKAGTKR	0	0	387	1120	1739	226
ADAVAFMRTPYKR	0	3	2079	4366	1720	226
AAGVGFFRSASKR	0	3	528	1133	1655	226
ADGIAFPKTATKT	1	5	1172	2898	1640	226
AAGVAFFRVPYKE	1	24	6636	12163	1587	226
ANMIGFMKTATKE	0	0	303	965	1491	226
ADKVAFQRTATKA	1	1	511	1441	1465	226
ATRVAFMKGATKA	0	1	740	2076	1394	226
AAQVAFLKAATKT	0	1	213	938	1337	226
ATRVAYFQSATKG	3	6	669	1703	1317	226
ADSVAFGKSSTKT	0	1	263	705	1273	226
ADPVAFLMAATKE	0	1	388	1051	1266	226
AAQVAFLKAATKR	0	0	137	745	1234	226
ATGVGFMRSATKA	0	1	529	1423	1228	226
AAWVGFAKAATKT	0	2	279	773	1227	226
ATMIGYAKAATKA	0	4	347	935	1207	226
ANTIGYAKSSTKR	0	12	1773	5473	1186	226
ADLVAFFKEASKA	0	0	91	522	1166	226
ADKIAFFKSVTKR	0	0	116	666	1156	226
ANRIAWVKAATKA	0	1	108	588	1105	226
ATDIAYMRAATKR	1	3	465	1172	1073	226
ANAIGYVKSATKR	0	3	294	869	1070	226
AAPLAYLKVATKG	0	4	882	2504	984	226
ADPLAWFRTATKG	0	13	3461	7722	961	226
ATAVAFSKQASKA	1	1	355	982	955	226
ADRVAFAKEASKR	0	4	358	1116	936	226
ANKIGFIKSSTKK	0	10	1819	5045	931	226
ADWVGWFKAATKA	0	0	69	417	891	226
ANGVAFFKSSSKE	1	1	224	663	798	226
ATGVAFVRCATKR	0	5	1549	4144	769	226
ANPIAYAKTSSKK	6	3	311	868	757	226
ADAVAYFRVPYKR	6	3	283	616	743	226
ADWVAFSRSSTKK	0	1	700	1569	742	226
AAQVAFLKAATKG	0	0	116	573	735	226
AALLSWCYRSRKR	0	5	608	1332	730	226
ADWVGWFKAATKR	0	0	83	542	711	226
ADKIAFFKSVTKT	0	0	97	314	693	226
ADRVAYAKSVTKA	1	1	533	1266	685	226
ATYIDARIFAGKA	0	4	419	681	672	226
ADHIAFLRSATKA	0	0	54	219	656	226
ADCVGFLKAASKT	0	8	3045	7599	627	226
ADGIGFFRSSSKR	0	10	3111	7013	618	226
ADMIGFLKTASKR	0	2	404	1178	611	226
ADWLAFPKASTKR	0	4	1112	2951	589	226
ADLVAFFKEASKT	0	0	91	525	568	226
ADCVAFFRVPTKK	0	14	5423	11676	559	226
ADCVAFFRSITKR	0	0	415	980	555	226
AAPVAFLKSASKT	1	1	99	220	537	226
ADPLAFWRSATKK	0	2	215	720	530	226
ADGVLIAVVVCKR	0	0	98	259	497	226
ADHVAWVKAATKR	0	0	131	412	489	226
ADLVAFFKSVTKK	0	0	27	213	482	226
AATVAYLKSASKA	0	4	616	1620	474	226
ANRVAYLKASSKK	0	3	276	674	473	226
ADLVAYFQTATKE	0	0	70	216	456	226
ADRLAFFKSVTKR	0	5	1369	2657	452	226
ADWIAFFRMPFKA	0	0	223	483	452	226
ADRVAFLKSPTKA	0	0	13	129	438	226
ATPIAFTRLPYKE	0	10	1848	4683	420	226
ATWVIKRPVSEKR	0	1	147	323	414	226
ADGVGWFRAATKA	0	0	91	224	398	226
ADPIAFMKSAIKK	0	18	4757	12161	394	226
ATYVAFSKSATKA	0	0	33	243	375	226
ANGVGFFRSASKK	0	0	89	215	372	226
ADWIAYFRSPFKT	0	0	20	130	345	226
ADAVRLGKSVFKT	0	1	209	302	339	226
ADHIAFLRSATKT	0	0	45	202	333	226
AADVGFMKQATKG	0	0	263	790	325	226
ANRIAWVKAATKR	0	0	54	274	323	226
ADPVAFGKRPYKT	0	6	1710	3885	318	226
ADWLGVGPLYNKR	0	0	144	304	316	226
ADAISFLKSATKR	0	0	13	142	308	226
ADGVGFLKAAGKT	4	1	274	603	287	226
ATGVGYGKAGTKA	0	0	320	1075	278	226
ANRVAYSKCPTKR	0	0	26	109	275	226
ADKIAFFKEASKR	0	0	10	86	258	226
ATYVAFSKSATKT	0	0	50	212	247	226
AAQVAFLKAATKK	0	0	38	150	238	226
ADPVAFFRSPFKG	0	0	33	102	234	226
AAGIAYVKGATKT	0	0	83	201	231	226
ADAIAWGKSATKT	0	0	32	118	230	226
ADGVAFAQAATKA	0	0	21	189	225	226
ADWVAFAKAATKA	0	0	9	102	225	226
ADWVGWFKAATKT	0	0	57	246	224	226
ADPLAYGKASTKR	0	0	43	121	223	226
ADLVAFFKAATKA	0	0	15	91	223	226
ADWIAFLRTCSKT	0	0	532	1174	222	226
ADAIRLVPSMSKA	0	1	166	298	222	226
ATPIAYMRQATKR	0	0	33	118	221	226
ATPIAYMRQATKA	0	0	27	112	217	226
ADPVAYCRSPYKK	0	3	1534	3265	212	226
ADAIAWGKSATKA	0	0	12	76	208	226
ANWIAFGKCSTKR	0	1	515	1262	203	226
ADSVAFFRRPYKR	1	5	1312	2474	200	226
ADPLAYCKAPTKA	0	0	20	79	197	226
ADWVAFFRTVTKG	0	4	1614	3115	196	226
ADYIAFMRASTKE	0	2	440	1259	188	226
ADWLGFFRASTKR	0	0	37	137	188	226
ADGVGFLKAATKG	0	0	10	68	187	226
ADAIAWGKSATKG	0	0	24	77	173	226
ADGVAFAQAATKG	0	0	36	160	164	226
ADPVAYSRSATKG	0	0	21	90	162	226
ADPVAYSRSATKA	0	0	6	50	160	226
ADHIAFLRSATKK	0	0	20	64	153	226
ANGLAFFKSASKA	0	0	17	43	152	226
ADGVGFLKAATKA	0	0	6	46	148	226
ADGVGFLKAASKT	0	0	26	104	146	226
AAPVAFMRAGTKA	0	0	15	50	145	226
ANRIAWVKAATKG	0	0	35	161	144	226
ATDIAFFRACTKR	0	0	16	81	141	226
ADGVGFLKAASKG	0	0	16	53	140	226
ANGLAFFKSVTKK	0	0	4	28	140	226
ADGIGWGKQATKK	0	0	22	116	138	226
ATYVAFSKSATKK	0	0	15	73	135	226
AAGIAYSKAVTKR	0	1	271	448	133	226
ANRIAWVKAATKK	0	0	24	118	132	226
ANWVAYLKTASKR	0	0	9	68	126	226
ATPIAYMRQATKT	0	0	25	117	123	226
AAQVAFFKEASKR	0	0	5	51	121	226
ADLVAFLKAATKA	0	0	5	64	115	226
AALVWWWGVFSKK	0	0	49	79	113	226
ADGVAFAQAATKT	0	0	67	223	112	226
ADMLAWLKSATKA	0	0	7	41	111	226
ADWIGFFKGCTKK	0	0	18	73	110	226
ADRVAFLKSPTKR	0	0	10	43	109	226
ADLVAFFRSPFKT	0	0	15	65	108	226
ADPVAYSRSATKT	0	0	31	120	107	226
ANVLGLACAMLKR	0	1	70	164	106	226
ADLVAFFKEASKK	0	0	24	93	106	226
ANLVAFFRSPFKT	0	0	8	65	105	226
ADVIAFPKAATKK	0	0	90	249	103	226
AAPLAYLKVATKA	0	0	19	142	101	226
ADGLSVDQKRMKK	0	4	46	78	100	226
AAPVAFMRAGTKR	0	0	11	64	99	226
AAWVGFAKAATKA	0	0	9	31	97	226
ATRVAYFQSATKA	0	0	19	107	96	226
ATKVGYMKAGTKA	0	0	4	44	96	226
ADPVAFLMAATKR	0	0	20	54	95	226
AAGLAYLKAPSKR	0	0	436	649	93	226
ADWVGWFKAASKR	0	0	16	67	92	226
ADPVAYMRSASKT	0	0	49	112	91	226
ATAIGYFRTATKA	0	3	1372	2735	90	226
ATDIAYMRAATKA	0	0	7	49	90	226
AAPVAYRKAATKT	1	2	573	1403	88	226
ADMLAWLKSATKK	0	0	8	40	88	226
ANGLAFFKEASKR	0	0	5	31	88	226
AAQVAFLKAATKE	0	0	22	77	87	226
ADAVAYPKSASKT	0	2	463	875	86	226
ANAIGFHKSATKR	0	0	3	46	86	226
ADRVAFLKAATKA	0	0	5	22	86	226
ANRVSFLKAATKG	0	2	671	1650	85	226
ADCIRLKRGPRKE	1	1	305	436	84	226
ANLLGYHKVPTKE	0	0	8	75	84	226
ADHIAYVRSATKR	0	2	285	586	83	226
ADPLAYCKAPTKT	0	0	13	73	83	226
ADRVAFFKVPTKK	0	0	14	70	83	226
ANGLAFFKSATKA	0	0	4	23	82	226
ADMLAYMKGATKR	0	0	23	107	81	226
ADGIAFQRSATKA	0	0	11	43	81	226
ADKIAFFKAATKA	0	0	4	40	79	226
AANVAFLRASTKR	0	0	165	276	77	226
AAPVAFMRAGTKK	0	0	10	46	76	226
ANRVAYSKCPTKT	0	0	6	49	75	226
ADRVAFFKVPTKA	0	0	13	32	75	226
ANLVAFLKAPGKT	0	5	1071	2089	74	226
ADKIAFFKSASKT	0	0	5	25	74	226
ADWVGYSKSASKT	0	0	5	31	73	226
ADALGYSKSASKR	0	0	264	536	72	226
ADAVGYMKSGTKG	0	0	138	475	70	226
ADLLAFAKSSTKR	0	0	10	65	70	226
ATRVAYFQSATKR	0	0	11	58	70	226
ADPVAFLKAATKA	0	0	10	48	70	226
ADGVAYLKSSSKE	0	0	83	141	69	226
ATRVAFMKGATKR	0	0	11	97	69	226
ANPVAFFRSSYKT	0	0	9	45	69	226
ADHVAYLVAATKT	0	8	2163	3296	68	226
ANGVAFFRSPFKT	0	0	3	19	66	226
ATKVGYMKAGTKT	0	0	9	56	65	226
ADPVAFLMAATKA	0	0	9	59	64	226
ADGLGFMKQATKR	0	0	2	45	64	226
ANAIGYVKSATKA	0	0	4	33	64	226
ADPVAFFKEASKR	0	0	7	22	64	226
ADGVGFLKAATKT	0	0	5	32	62	226
ADPVAYARSEFKT	1	20	8096	13065	61	226
ADAIGYFKTASKR	0	0	19	80	61	226
ADGVGFLKAATKR	0	0	2	40	61	226
ADWVAFAKAATKT	0	0	4	39	61	226
ADFIAFLRTSTKT	0	5	1691	2828	60	226
ADLLAFAKSSTKA	0	0	12	61	60	226
ATYVAFSKSATKG	0	0	18	51	60	226
AAWVGFAKAATKR	0	0	8	35	60	226
ADWVGWFKAATKK	0	0	5	49	59	226
AAPVAFMRAGTKG	0	0	10	41	59	226
ANWVAYLKTASKA	0	0	7	11	59	226
ANGLAFFKSASKK	0	0	2	19	58	226
ADHIAFLRSATKG	0	0	15	53	57	226
ANAIGFFKSGTKK	0	0	2	22	57	226
ADPVAFFRSSTKK	0	0	2	20	57	226
ANLLGYHKVPTKR	0	0	59	166	56	226
ANAIGYVKSATKT	0	0	9	45	56	226
ADAISFLKSATKA	0	0	9	33	56	226
ADKIAFLKAATKA	0	0	3	22	56	226
AAQVAFFKSVTKK	0	0	1	21	56	226
ADLVGFLKSSTKT	0	3	720	1739	55	226
ANHIAYLKASTKR	0	0	6	26	55	226
ADWVGYSKSATKR	0	0	1	17	55	226
AADLAYMKQATKG	0	1	25	44	54	226
ADWLGFFRASTKG	0	0	6	26	54	226
ANAIAFAKCATKE	0	0	7	46	52	226
ANLLGYHKVPTKT	0	0	14	27	52	226
ADPVAFFRSPYKA	0	0	9	37	51	226
AAQVAFLKAAGKG	0	0	3	28	51	226
ADGVGFLKAASKA	0	0	2	30	50	226
ADWLAFPKASTKA	0	0	19	102	49	226
ADMLAWLKSATKR	0	0	11	38	49	226
AAGIAFVRCATKT	0	4	644	1115	48	226
ANWLAFFQAPTKK	0	0	5	35	48	226
ADLVGFFKTATKA	0	0	3	27	48	226
ADRVAFFKEASKR	0	0	4	21	48	226
ATGLAFSRSATKR	0	9	2388	3757	47	226
ANAIAFAKCATKA	0	0	4	33	47	226
ATDIAFFRACTKA	0	0	7	40	45	226
ADAIAFLKVATKG	0	0	216	541	44	226
ANLIAYSKSGTKR	0	0	71	126	44	226
AAPLAYLKVATKT	0	0	16	109	44	226
ATGVGFMRSATKG	0	0	7	35	44	226
ADGIAFFKTSVKK	0	7	2535	6236	43	226
ADFVHILLVLGKE	0	1	526	425	43	226
AAGVGFFRSASKK	0	0	4	19	43	226
AAQVAFFRSPFKT	0	0	1	18	43	226
AAQVAFLKSPTKT	0	0	4	16	43	226
ADPVAYSRSATKK	0	0	5	11	43	226
ADWVAFGKAGTKA	0	0	42	150	42	226
ADPVAYMRSASKK	0	0	16	71	42	226
ANLLGYHKAPTKK	0	0	13	35	42	226
AADLAYMKQATKT	0	0	9	74	41	226
ANRVAYSKCPTKA	0	0	26	48	41	226
ADRVAFFRTASKR	0	0	16	30	41	226
ADLVAFFKSASKT	0	0	4	18	41	226
ADGVGFLKAASKK	0	0	3	16	41	226
AAQVAFLRSATKR	0	0	1	15	41	226
ADLVAYFQTATKA	0	0	1	6	41	226
ATSVGFFRSCTKR	2	3	1631	2945	40	226
ADKIAFFKSVTKG	0	0	40	125	40	226
ATAVAFSKQASKR	0	0	7	32	40	226
ADWVAFAKAAGKA	1	0	22	29	40	226
ADWIGFFKGCTKG	0	0	10	23	40	226
ATGIAYSKCPWKG	0	0	138	297	39	226
ADWVGWFKAATKE	0	0	13	52	39	226
AAPVMVGLGPVKA	0	0	10	26	39	226
ATYVAFSKSATKE	0	0	6	26	39	226
AAQVAFLKAASKR	0	0	2	18	39	226
AAQVAFLKEASKR	0	0	2	14	39	226
ADSVAYGKCASKT	0	1	524	1010	38	226
WGRKTGGGSGGGG	0	0	462	341	38	226
ADGLGFMKQATKA	0	0	3	35	38	226
ADHIAFLRSASKR	0	0	4	11	38	226
ADLVAFFKSVTKA	0	0	0	9	37	226
ADMLAYMKGATKG	0	0	8	41	36	226
ANPVAYCQSATKR	0	0	10	24	36	226
ADRVAFAKEASKA	0	0	6	18	36	226
ADKIAFFRSPFKT	0	0	2	13	36	226
ADPVAFFRSATKR	0	0	3	12	36	226
ADRVAFFKAATKA	0	0	1	12	36	226
ADPVAFLMAATKG	0	0	16	40	35	226
ADLVAFFKEASKG	0	0	18	24	35	226
ANRIAWVKAAGKG	0	0	6	17	35	226
ADWLGFFRASTKT	0	0	16	69	34	226
ADLVAFFKEASTK	0	0	9	41	34	226
ADAIGYFKTASKT	0	0	7	31	34	226
ANLLGYHKGPTKK	0	0	10	30	34	226
ANGVAFFKSSSKA	0	0	4	25	34	226
ANLVAFFKEASKR	0	0	1	20	34	226
ANGVAFFKSVTKK	0	0	2	19	34	226
ADRVAFFRSPFKT	0	0	5	13	34	226
AAPLAFVKAATKR	0	0	3	14	33	226
AAFIGYHKSATKG	0	0	347	883	32	226
ADGVAWFRSSTKK	0	4	436	611	32	226
ADPVAYIKQAGKG	0	0	8	16	32	226
ADLVAFFKVPTKE	0	0	2	13	32	226
ADRVAFFRTASKK	0	0	8	16	31	226
ADHIAFLRSPFKT	0	0	2	8	31	226
ADRVAFFKSVTKK	0	0	3	7	31	226
ADLVAFFRSASKG	0	5	1725	2591	30	226
ATQIAFMKGEWKR	0	4	593	1361	30	226
ADRLAFFKSVTKA	0	0	28	126	30	226
ANAIAFAKCATKT	0	0	8	27	30	226
ATDIAFFRACTKK	0	0	7	22	30	226
ANGLAFFKSASKR	0	0	3	22	30	226
ATPVRITWQWWKG	0	1	48	78	29	226
ATRVAFMKGATKG	0	0	4	56	29	226
ADLIAYPKSATKR	0	0	10	51	29	226
ADWLGFFRASTKA	0	0	6	32	29	226
ADRVAFLKSPTKK	0	0	9	30	29	226
ADWIAYFRSPFKA	0	0	8	23	29	226
ADAIAWGKSATKK	0	0	5	22	29	226
ADGIAFQRSATKK	0	0	2	21	29	226
ADHIAFLKAATKA	0	0	3	11	29	226
ATDIAFFRACTKT	0	0	6	10	29	226
AAQVAFLKAASKA	0	0	4	9	29	226
ANHIAYLKASTKK	0	0	2	9	29	226
ATKVAYFKQEWKA	0	0	60	134	28	226
ADMIGFLKTASKA	0	0	3	38	28	226
ADWVAFAKAATKR	0	0	3	27	28	226
ATRVAFMKGATKT	0	0	18	66	27	226
ANAIAFAKCATKK	0	0	12	43	27	226
AAPLAFVKAATKE	0	0	5	28	27	226
ADWIGFFKGCTKT	0	0	4	24	27	226
ANLLGYHKSSTKK	0	0	1	21	27	226
ADLVAFSKSATKR	0	0	6	13	27	226
ADWVGWFKAAGKG	0	0	0	13	27	226
ADLVAFFKEATKR	0	0	5	9	27	226
ADHVAWVKAATKA	0	0	1	8	27	226
ANGVAYVKSAGKG	0	7	1058	2542	26	226
ADWVAFAKAAGKE	0	0	16	92	26	226
ADGVAFAQAATKK	0	0	7	27	26	226
ANPVAFFRACTKG	0	0	6	21	26	226
ADKVGYHKVPTKK	0	0	6	18	26	226
ANWLAFFQAPTKG	0	0	5	14	26	226
ADPVAFFRSPFKA	0	0	4	13	26	226
ADPVAFFKSVTKK	0	0	2	9	26	226
AAPVAFLRGATKR	0	0	633	722	25	226
ADPVAFLMAATKT	0	0	16	53	25	226
ATGVGFMRSATKR	0	0	9	45	25	226
ADKVAFQRTATKT	0	0	2	28	25	226
ADAIAWGKSATKE	0	0	6	25	25	226
ANGIGFLRAATKA	0	0	8	24	25	226
ADQVAFLKAATKA	0	0	5	21	25	226
ANLLGYYKVPTKK	0	0	4	18	25	226
ADPLAYCKAPTKK	0	0	3	18	25	226
ADWVAFAKAATKG	0	0	2	17	25	226
AAQVAFSKSATKR	0	0	1	17	25	226
ADRVAFFRACTKG	0	0	3	10	25	226
ATMIGYAKAATKR	0	0	1	9	25	226
ADAIGYFKTASKE	0	0	1	8	25	226
ADAISFLKSATKE	0	0	2	3	25	226
ADCVGFLKAASKR	0	0	30	257	24	226
ADRLAFFKSVTKK	0	0	28	139	24	226
ATDIAYMRAATKT	0	0	10	23	24	226
ANRIAWVKAASKR	0	0	2	13	24	226
ANWVAYLKTASKK	0	0	4	12	24	226
ADAISFLKSATKK	0	0	2	11	24	226
ANWVAYLKTATKT	0	0	1	11	24	226
ATYVAFSKSASKR	0	0	2	8	24	226
ATRVAYFQSATKT	0	0	11	32	23	226
AADLAYMKQATKK	0	0	2	21	23	226
AADLAYMKQATKA	0	0	4	20	23	226
ADWIGFFKEASKR	0	0	0	15	23	226
ANGVAFFKEASKR	0	0	7	11	23	226
ADWVAYLKTASKT	0	0	2	11	23	226
ANMIGFMKTATKK	0	0	1	7	23	226
ANPVAFFRSPFKT	0	0	3	6	23	226
ADPLAWFRTATKK	0	0	42	192	22	226
ADLLAFAKSSTKK	0	0	9	58	22	226
ADPVAYVRAPYKA	0	0	10	31	22	226
ATDIAFFQAPTKR	0	0	0	16	22	226
ATKVGYMKAGTKK	0	0	2	14	22	226
AAQVAFLKVATKA	0	0	7	11	22	226
ANGVAFLKAATKA	0	0	0	10	22	226
AALVAFLKAATKA	0	0	5	9	22	226
ADKIAFLRSATKR	0	0	2	6	22	226
ADLVAFLRSATKR	0	0	1	4	22	226
ADGIGWSKAASKR	0	6	2625	3885	21	226
ADCVGFLKAASKA	0	0	22	133	21	226
ADWVAFGKAGTKR	0	0	27	75	21	226
ADGIGWGKQATKG	0	0	16	62	21	226
ANGVAFFRSSTKR	0	0	10	32	21	226
AAQVAFLKAASKT	0	0	3	28	21	226
ADGVAFAQAASKR	0	0	3	22	21	226
ADPVAYVRAPYKT	0	0	3	12	21	226
ADPVAYIKQAGKA	0	0	3	11	21	226
ANHIAYLKASTKG	0	0	1	10	21	226
AAQVAFLKAPTKR	0	0	0	10	21	226
ANGLAFFKSATKT	0	0	1	9	21	226
AAWVGFAKAATKK	0	0	4	6	21	226
ADGIAFQRSATKT	0	0	3	5	21	226
ANKLAFLKSGSKK	0	6	2059	3016	20	226
ADWVAFLKAATKA	0	0	6	35	20	226
ANPVAYCQSATKE	0	0	5	27	20	226
ANAIGFHKSATKG	0	0	4	23	20	226
ANAIAFAKCATKG	0	0	5	17	20	226
ADWIGFFKGCTKA	0	0	1	15	20	226
ADPVAFFRSPFKK	0	0	10	14	20	226
ADKVGYHKSSTKE	0	0	4	14	20	226
ADPVAFFRTASKT	0	0	3	13	20	226
ADWLGFFKEASKR	0	0	2	9	20	226
ADPVAYMKASNKR	0	0	1	7	20	226
ANAIAFGKAAGKE	0	6	1635	4696	19	226
ANRVSFLKAATKA	0	0	25	143	19	226
ANLLGYHKVPTKG	0	0	45	126	19	226
ANWLAFFQAPTKT	0	1	14	36	19	226
ANGIGFLRAATKR	0	0	10	33	19	226
ADWLAFFQAPTKR	0	0	2	32	19	226
AAPLAYLKVATKR	0	0	13	31	19	226
ANPVAFFRSSYKA	0	0	8	29	19	226
ATRVAYFQSATKK	0	0	2	26	19	226
ANAIGFHKSATKK	0	0	1	15	19	226
ADKVGYHKSSTKA	0	0	8	14	19	226
ADLVGFFKTATKT	0	0	6	14	19	226
ADGIGWGKQATKE	0	0	2	14	19	226
ANGVAFFRSSTKE	0	0	4	12	19	226
AAQVAFFKAATKA	0	0	6	11	19	226
AAPVAFLKAATKA	0	0	4	10	19	226
ADFIGYLKQATKA	0	0	1	10	19	226
AAQVAFLKAAAKA	0	0	3	9	19	226
ATYVAFFKEASKR	0	0	1	9	19	226
ANMIGFMKTATKG	0	0	5	8	19	226
ADKIAFFMSVTKK	0	0	3	6	19	226
AAPVAFLKSASKR	0	0	3	6	19	226
ADHIAFFRSATKR	0	0	2	6	19	226
ADKIAFFKRVTKK	0	0	3	5	19	226
ADGIAFQRSATKE	0	0	1	4	19	226
ADPLAWFRTATKA	0	0	41	111	18	226
ADPVAYVRAPYKK	0	0	5	22	18	226
AAQVAFLKASTKA	0	0	2	10	18	226
ANWLAFFRACTKG	0	0	2	7	18	226
AAQVVFLKAATKA	0	0	6	5	18	226
ADLVGFFKEASKR	0	0	3	5	18	226
ADFIGYLKQATKR	0	0	1	5	18	226
ADKIAFSKSATKR	0	0	1	5	18	226
ADLVAFLKEASKR	0	0	1	5	18	226
ADPIAFMKSAIKA	0	0	23	153	17	226
AAPLAFVKAATKT	0	0	7	39	17	226
ATYVAFLKAATKA	0	0	1	13	17	226
ADLVAFFKDASKR	0	0	4	11	17	226
ADRVAYSKCPTKK	0	0	3	11	17	226
ADRVAFFKVPTKR	0	0	2	10	17	226
ADWVAFAKAASKR	0	0	3	9	17	226
ADLVAFFKVASKR	0	0	2	9	17	226
ADGIGWGKQATKT	0	0	1	9	17	226
ADLVAFFKEAFKR	0	0	3	5	17	226
ADGVGFLKAATKE	0	0	0	0	17	226
ANCVAFSRAATKT	0	2	882	1150	16	226
ATDIAFFRACTKE	0	0	22	93	16	226
ADWLAFPKASTKT	0	0	13	75	16	226
ANLVAFFRSPYKE	0	0	12	72	16	226
ATGVAFVRCATKG	0	0	14	71	16	226
ADLVGFFKTATKG	0	0	7	43	16	226
ANGVAFLRASTKK	0	0	6	35	16	226
ADLVAFFKGCTKR	0	0	5	21	16	226
ADLVGFFKTATKR	0	0	6	18	16	226
ATRVAFMKGATKK	0	0	2	16	16	226
ADWIAYFRACTKG	0	0	4	13	16	226
ADWLGFFRASTKE	0	0	2	13	16	226
ADRVAFAKAAGKG	0	0	5	12	16	226
ADPIAYFKTCSKT	0	0	4	12	16	226
ADAISFLKSATKG	0	0	5	11	16	226
ADPVAYIKQAGTK	0	0	0	7	16	226
ADLVAFAKSSTKE	0	0	3	6	16	226
ADKIAFFKSLTKK	0	0	0	6	16	226
ADLVGFFKTATKE	0	0	1	5	16	226
ANAIGFFKSVTKK	0	0	0	4	16	226
ADRVAFFKVPTKT	0	0	0	3	16	226
ADKIAFFKTASKK	0	0	0	1	16	226
AAGLQLAATSWKR	0	2	104	137	15	226
ADWVAFGKAGTKG	0	0	38	118	15	226
ANPVAFFRSSYKE	0	0	25	91	15	226
ADLLAFAKSSTKT	0	0	10	56	15	226
ATDVAFFRSGTKA	0	1	28	55	15	226
ATWAQSWTWYRKG	0	0	42	28	15	226
ANGIGFLRAATKE	0	0	2	22	15	226
ANRVAYLKASSKT	0	0	3	20	15	226
ADGVAFAQAATKE	0	0	4	16	15	226
ANLLGYNKVPTKK	0	0	7	14	15	226
ANAIGFHKSATKA	0	0	7	13	15	226
ADKIAFFKSVIKK	0	0	2	13	15	226
AAKVAFLKAATKA	0	0	6	12	15	226
ADVIAFPKAATKA	0	0	3	11	15	226
ADKVGYHKSSTKT	0	0	1	11	15	226
AAQVAFLKAVTKA	0	0	6	10	15	226
AAQVAFMRAGTKT	0	0	1	10	15	226
AAQVAFLKAATKV	0	0	3	9	15	226
ATQVAFLKAATKA	0	0	1	9	15	226
ANRVAWVKAATKT	0	0	1	9	15	226
ADKVAFQRTATKK	0	0	2	8	15	226
ADWVAYFRSPFKG	0	0	2	6	15	226
AAQVAFLKDATKA	0	0	2	5	15	226
ATDIAYQKSGTKK	0	0	1	5	15	226
ADLVAFFKETSKR	0	0	1	5	15	226
ATDVAFFRACTKG	0	0	1	4	15	226
AAQIAFLKAATKA	0	0	0	4	15	226
ATDIAYFKTCSKT	0	0	0	4	15	226
ANGVAFFKSSSKT	0	0	2	3	15	226
AAQVAFLKTASKK	0	0	2	3	15	226
ADRLAFFKMGTKE	0	2	532	1506	14	226
ADPVGFIKQASKA	0	6	1042	841	14	226
ADIVAFVKQATKG	0	2	372	797	14	226
ADWVGYMKSVTKK	0	0	277	638	14	226
ANKIGFIKSSTKT	0	0	15	82	14	226
AAGVAFFRTASKT	0	0	21	53	14	226
ADLVAFFKSVTKR	0	0	7	41	14	226
ADWVAFFKEASKR	0	0	7	24	14	226
ADHVAWVKAATKT	0	0	4	21	14	226
AAWVGFAKAATKG	0	0	2	15	14	226
ADMLAYMKGATKK	0	0	4	13	14	226
ADGVGWFRAATKR	0	0	0	11	14	226
ANGVAFFRSSTKG	0	0	2	10	14	226
ADHVAWVKAATKG	0	0	4	9	14	226
ANLVGYHKVPTKK	0	0	2	9	14	226
ADWIGFFKSVTKK	0	0	0	9	14	226
ADPVAFSKSATKR	0	0	1	7	14	226
ADKIAFFKGCTKR	0	0	0	7	14	226
ADPVAYVRQATKK	0	0	0	7	14	226
ADLVEFFKEASKR	0	0	3	6	14	226
ANLLGYLKVPTKK	0	0	6	5	14	226
ADLVAYSKCPTKK	0	0	1	5	14	226
ADMLAWLKSVTKK	0	0	0	5	14	226
ADGVAFFKEASKR	0	0	0	5	14	226
ANLVAFFRSPYKT	0	0	1	4	14	226
ADLVAFFKSPTKT	0	0	1	3	14	226
ADKIALFKSVTKK	0	0	1	2	14	226
ADLVAYFRSPTKA	0	9	2612	2303	13	226
AALLSFIGRGMKK	0	5	677	694	13	226
AAGVAFFRVPYKK	0	0	31	80	13	226
ANLLGYHKVPTKA	0	0	40	66	13	226
ANRIAWVKAASKT	0	0	5	36	13	226
ADAIAWGKSANKR	0	0	5	30	13	226
ADWVAFGKAATKA	0	0	4	27	13	226
ADPVAFMRAGTKT	0	0	5	15	13	226
ADFVAFFKEASKR	0	0	1	14	13	226
ADGVGFLKAAGKG	0	0	2	10	13	226
ATYVAFFKSVTKK	0	0	0	10	13	226
ADKIEFFKSVTKK	0	0	1	9	13	226
ADLVAYCKAPTKR	0	0	0	9	13	226
ADLVAFFKAASKR	0	0	2	8	13	226
ADPVAYVRAGTKT	0	0	2	8	13	226
ATDIAFFRSSYKK	0	0	2	8	13	226
ADLVAFFKAATKG	0	0	1	8	13	226
ADGVAFAQAAGKG	0	0	1	8	13	226
AAQVALLKAATKA	0	0	4	7	13	226
AAQVAFLKATTKA	0	0	2	7	13	226
ADKIVFFKSVTKK	0	0	1	6	13	226
AAQVAFFKSASKT	0	0	0	6	13	226
ADWIAFFRACTKG	0	0	1	5	13	226
ADLVAFFKKASKR	0	0	5	4	13	226
AAQVAFLKAETKA	0	0	4	4	13	226
ADSIAYFKTCSKK	0	0	3	4	13	226
AAQVAFAQAATKR	0	0	2	3	13	226
ADKIAFLKSVTKK	0	0	2	3	13	226
ADPVAFLRSATKR	0	0	2	3	13	226
ADLVAFFKAATKT	0	0	0	3	13	226
ADGIGFFRAAGKT	0	2	440	485	12	226
ATGVAFVRCATKK	0	0	12	47	12	226
ADMLAYMKGATKA	0	0	7	23	12	226
ATDIAYMRAATKK	0	0	5	23	12	226
ADLVAFAQAATKR	0	0	1	18	12	226
ADLVAFFRSPYKA	0	0	3	16	12	226
ANLVAFFRSPYKK	0	0	1	16	12	226
ANGLAFFKSATKR	0	0	0	15	12	226
ANLLGYHKVSTKK	0	0	7	14	12	226
ADWIAFFRMPFKT	0	0	5	11	12	226
ADWIAYFRSPFKE	1	0	6	10	12	226
ANHIAYLKASTKE	0	0	2	10	12	226
ANLLGNHKVPTKK	0	0	3	9	12	226
ATRVAFLKAATKA	0	0	2	9	12	226
ADMVAFFKEASKR	0	0	5	8	12	226
ADPVAYVRAPFKT	0	0	5	8	12	226
ADPVAYIKQAGKK	0	0	3	8	12	226
DDKIAFFKSVTKK	0	0	1	8	12	226
ADMIAFFKSVTKK	0	0	6	7	12	226
ADAIAWGKSASKR	0	0	3	7	12	226
ADKVAFFKSVTKK	0	0	7	6	12	226
VAQVAFLKAATKA	0	0	2	6	12	226
ADRVAFFRSSTKK	0	0	1	6	12	226
AAQVEFLKAATKA	0	0	0	6	12	226
ADGVGWFRAATKG	0	0	4	5	12	226
ANMIGFMKTASKR	0	0	1	5	12	226
TAQVAFLKAATKA	0	0	3	3	12	226
AADLAYMKASNKR	0	0	0	3	12	226
ADKIAFFKTCSKT	0	0	1	2	12	226
ANGVAFFKAATKA	0	0	0	0	12	226
ADWVGYSKSATKT	0	0	0	0	12	226
ADGIAYFRAGTKE	0	9	1473	3246	11	226
AAPVAFAKTVTKT	0	7	2338	2251	11	226
ADLIAFGQAATKT	0	6	812	1218	11	226
ATSVGFFRSITKG	0	3	1242	933	11	226
ADALGFMRSATKE	0	0	65	193	11	226
ADCVGFLKAATKA	0	0	10	78	11	226
ADWVAFAKAAGKR	0	0	11	28	11	226
ADGIGWGKQATKR	0	0	4	25	11	226
ADKVAFQRTATKR	0	0	3	23	11	226
AAPLAFVKAATKG	0	0	3	23	11	226
ADAIRAISPWWKA	0	2	23	21	11	226
ADKVGYHKSSTKR	0	0	9	18	11	226
ADPVAYCQSATKA	0	0	5	17	11	226
ADRVAFAKEASKT	0	0	5	16	11	226
ANMIGFMKTATKA	0	0	3	13	11	226
ADLVAFFRSSTKK	0	0	1	13	11	226
ANAIGYVKSATKK	0	0	5	12	11	226
ANHIAYLKASTKT	0	0	2	11	11	226
ADWIAFFRMPFKG	0	0	1	11	11	226
ADPVAFFRSSYKK	0	0	0	11	11	226
AYLLGYHKVPTKK	0	0	5	10	11	226
ADWVGWFKAPTKR	0	0	0	9	11	226
ADKIAFFNSVTKK	0	0	3	8	11	226
ADWIAFAKAAGKG	0	0	0	8	11	226
ADKIAFFKSVSKK	0	0	3	7	11	226
ADGIGWGKQAGKE	0	0	2	7	11	226
ADNIAFFKSVTKK	0	0	2	7	11	226
ADGVAFFRSSTKK	0	0	2	7	11	226
ADPVAYCKAPTKR	0	0	2	7	11	226
ADLVAFFKEAYKR	0	0	2	7	11	226
ATDIVFFRACTKG	0	0	2	6	11	226
ADWIAYFRSSYKK	0	0	0	6	11	226
ATNIAFFRACTKG	0	0	1	5	11	226
ADLVAFFKEASKS	0	0	0	5	11	226
ADHVAWVKAATKK	0	0	1	4	11	226
ASQVAFLKAATKA	0	0	1	4	11	226
ADLVAFFKEATKA	0	0	2	3	11	226
ADGVGFLKATSKR	0	0	2	3	11	226
ANRIAWLKSATKT	0	0	1	3	11	226
AAQVAFLKTATKA	0	0	1	3	11	226
AAPVAFLKSATKR	0	0	0	3	11	226
ADLVAFFEEASKR	0	0	0	3	11	226
ASDIAFFRACTKG	0	0	0	3	11	226
ADWIVYFRSPFKG	0	0	1	2	11	226
ATYVAFFRSPFKT	0	0	1	2	11	226
ANAIGFFKSGTKG	0	0	0	2	11	226
ANWFAFFQAPTKR	0	0	2	1	11	226
ADLVAFFKEASRR	0	0	1	1	11	226
ADLVAFAKAAGKG	0	0	1	1	11	226
ADFVALLKSATKE	0	1	558	1615	10	226
ATRVAFFKASVKK	0	3	487	800	10	226
ADGLGWLKAASKK	0	1	282	467	10	226
ADWLAFPKASTKK	0	0	9	48	10	226
ADPLAFWRSATKR	0	0	5	21	10	226
ATPIAYMRQATKG	0	0	8	18	10	226
ADSVAFFRSPFKT	0	0	11	16	10	226
ANWLAFFQAPTKA	0	0	6	15	10	226
ANLLGYHMVPTKK	0	0	3	15	10	226
ADPVAFLMAATKK	0	0	4	13	10	226
ADGLGFMKQATKT	0	0	5	12	10	226
ANLLGYHKEPTKK	0	0	3	12	10	226
ANMIGFMKTATKR	0	0	0	10	10	226
ANGVAYSKCPTKK	0	0	2	9	10	226
AAGVGFFRSASKT	0	0	0	9	10	226
ADSIAYMKASNKR	0	0	5	8	10	226
AILLGYHKVPTKK	0	0	4	8	10	226
ADLVAFFNEASKR	0	0	4	8	10	226
AVQVAFLKAATKA	0	0	1	7	10	226
ADLVAFLKSPTKT	0	0	0	7	10	226
ATDIAFFRTASKT	0	0	0	7	10	226
ADPVAYVRAPYKG	0	0	7	6	10	226
ATDFAFFRACTKG	0	0	2	6	10	226
ADKIAFFKSGTKR	0	0	0	6	10	226
ANGVAFFRTASKT	0	0	3	5	10	226
ADWIAWVKAATKT	0	0	2	5	10	226
ADYIAFLRSATKR	0	0	2	5	10	226
AAPVAFFRSPFKT	0	0	1	5	10	226
ADWVAFAKAVGKG	0	0	1	5	10	226
ADLVAYFQTATKK	0	0	0	5	10	226
ATDIAYQKSGTKG	0	0	0	5	10	226
ADKIAFFKSATKK	0	0	2	4	10	226
ANGVAFFKSASKT	0	0	2	4	10	226
AAQVAFLKAVTKK	0	0	1	4	10	226
ANRIAWVKAPTKR	0	0	0	4	10	226
ADKIAFFKEASKA	0	0	0	4	10	226
ANQLGYHKVPTKK	0	0	4	3	10	226
ADLVAFMRAGTKT	0	0	3	3	10	226
ADAIGYFKTATKK	0	0	3	3	10	226
ANWVAYLKTATKA	0	0	1	3	10	226
ATYVAFFKSATKR	0	0	1	3	10	226
ADSIAYFKSVTKK	0	0	0	3	10	226
ADKIAFFKVPTKE	0	0	0	3	10	226
ANGLAFFKAATKA	0	0	0	3	10	226
TDKIAFFKSVTKK	0	0	1	2	10	226
AADLAYMKQAGKE	0	0	0	2	10	226
ANGLAFFKSATKK	0	0	0	2	10	226
ADKIAFAKCATKR	0	0	0	2	10	226
ADPVAYSKCPTKK	0	0	0	2	10	226
ANGLAFFKRASKT	0	0	2	1	10	226
ADKIAFFKSVSKT	0	0	1	1	10	226
ADPVAFFRTPFKT	0	0	1	1	10	226
ADKIAFFKSGTKK	0	0	0	1	10	226
ADSIVYFKTCSKT	0	0	0	1	10	226
