residue.aa.from,residue.aa.to,potential,value
A,A,Keskin,-3.51
A,A,MJ,-0.12
R,A,Keskin,-3.26
R,A,MJ,0.24
R,R,Keskin,-3.98
R,R,MJ,0.19
V,1,Keskin,-2.06
V,1,MJ,0.15
N,R,Keskin,-2.67
N,R,MJ,0.1
N,N,Keskin,-1.99
N,N,MJ,-0.06
D,A,Keskin,-2.74
D,A,MJ,0.27
D,R,Keskin,-3.92
D,R,MJ,-0.24
D,N,Keskin,-2.5
D,N,MJ,0.02
D,D,Keskin,-2.47
D,D,MJ,0.29
C,A,Keskin,-3.99
C,A,MJ,-0.33
C,R,Keskin,-4.41
C,R,MJ,0.08
C,N,Keskin,-1.76
C,N,MJ,-0.01
C,D,Keskin,-3.56
C,D,MJ,0.12
C,C,Keskin,-7.23
C,C,MJ,-1.19
Q,A,Keskin,-3.65
Q,A,MJ,0.22
Q,R,Keskin,-4.13
Q,R,MJ,0.09
Q,N,Keskin,-3
Q,N,MJ,0.06
Q,D,Keskin,-3.15
Q,D,MJ,0.24
Q,C,Keskin,-4.37
Q,C,MJ,-0.07
Q,Q,Keskin,-4.71
Q,Q,MJ,0.2
E,A,Keskin,-2.69
E,A,MJ,0.38
E,R,Keskin,-4.05
E,R,MJ,-0.22
E,N,Keskin,-2.43
E,N,MJ,0.12
E,D,Keskin,-2.35
E,D,MJ,0.44
E,C,Keskin,-3.02
E,C,MJ,0.2
E,Q,Keskin,-3.45
E,Q,MJ,0.27
E,E,Keskin,-2.85
E,E,MJ,0.46
G,A,Keskin,-2.24
G,A,MJ,-0.08
G,R,Keskin,-2.71
G,R,MJ,0.09
G,N,Keskin,-1.63
G,N,MJ,-0.01
G,D,Keskin,-1.84
G,D,MJ,0.11
G,C,Keskin,-3.43
G,C,MJ,-0.31
G,Q,Keskin,-3.02
G,Q,MJ,0.13
G,E,Keskin,-1.58
G,E,MJ,0.32
G,G,Keskin,-1.77
G,G,MJ,-0.29
H,A,Keskin,-3.29
H,A,MJ,0.07
H,R,Keskin,-3.24
H,R,MJ,0.05
H,N,Keskin,-3.05
H,N,MJ,0
H,D,Keskin,-2.93
H,D,MJ,-0.1
H,C,Keskin,-4.79
H,C,MJ,-0.36
H,Q,Keskin,-4.2
H,Q,MJ,0.15
H,E,Keskin,-3.15
H,E,MJ,0
H,G,Keskin,-2.47
H,G,MJ,0
H,H,Keskin,-3.08
H,H,MJ,-0.4
I,A,Keskin,-4.45
I,A,MJ,-0.37
I,R,Keskin,-4.29
I,R,MJ,0
I,N,Keskin,-3.42
I,N,MJ,0.14
I,D,Keskin,-3.46
I,D,MJ,0.22
I,C,Keskin,-5.53
I,C,MJ,-0.64
I,Q,Keskin,-4.65
I,Q,MJ,-0.01
I,E,Keskin,-3.99
I,E,MJ,0.17
I,G,Keskin,-3.5
I,G,MJ,-0.13
I,H,Keskin,-4.55
I,H,MJ,-0.13
I,I,Keskin,-5.97
I,I,MJ,-0.74
L,A,Keskin,-5.02
L,A,MJ,-0.38
L,R,Keskin,-5.01
L,R,MJ,-0.04
L,N,Keskin,-3.94
L,N,MJ,0.04
L,D,Keskin,-4.16
L,D,MJ,0.27
L,C,Keskin,-6.13
L,C,MJ,-0.65
L,Q,Keskin,-5.36
L,Q,MJ,-0.04
L,E,Keskin,-4.35
L,E,MJ,0.17
L,G,Keskin,-3.79
L,G,MJ,-0.16
L,H,Keskin,-4.85
L,H,MJ,-0.18
L,I,Keskin,-6.67
L,I,MJ,-0.81
L,L,Keskin,-7.16
L,L,MJ,-0.84
K,A,Keskin,-1.91
K,A,MJ,0.41
K,R,Keskin,-2.11
K,R,MJ,0.66
K,N,Keskin,-1.63
K,N,MJ,0.22
K,D,Keskin,-2.47
K,D,MJ,-0.01
K,C,Keskin,-2.28
K,C,MJ,0.33
K,Q,Keskin,-2.56
K,Q,MJ,0.28
K,E,Keskin,-2.83
K,E,MJ,-0.06
K,G,Keskin,-1.32
K,G,MJ,0.29
K,H,Keskin,-2.14
K,H,MJ,0.38
K,I,Keskin,-2.88
K,I,MJ,0.24
K,L,Keskin,-3.24
K,L,MJ,0.22
K,K,Keskin,-1.02
K,K,MJ,0.76
M,A,Keskin,-4.42
M,A,MJ,-0.27
M,R,Keskin,-4.13
M,R,MJ,0.03
M,N,Keskin,-3.05
M,N,MJ,0.04
M,D,Keskin,-3.69
M,D,MJ,0.3
M,C,Keskin,-5.07
M,C,MJ,-0.61
M,Q,Keskin,-4.46
M,Q,MJ,-0.06
M,E,Keskin,-3.76
M,E,MJ,0.12
M,G,Keskin,-3.02
M,G,MJ,-0.17
M,H,Keskin,-4.47
M,H,MJ,-0.29
M,I,Keskin,-5.37
M,I,MJ,-0.66
M,L,Keskin,-6.24
M,L,MJ,-0.7
M,K,Keskin,-2.36
M,K,MJ,0.29
M,M,Keskin,-5.89
M,M,MJ,-0.7
F,A,Keskin,-4.43
F,A,MJ,-0.36
F,R,Keskin,-4.51
F,R,MJ,-0.05
F,N,Keskin,-3.89
F,N,MJ,-0.01
F,D,Keskin,-3.52
F,D,MJ,0.18
F,C,Keskin,-4.81
F,C,MJ,-0.67
F,Q,Keskin,-4.89
F,Q,MJ,-0.11
F,E,Keskin,-4.1
F,E,MJ,0.14
F,G,Keskin,-3.76
F,G,MJ,-0.19
F,H,Keskin,-3.82
F,H,MJ,-0.34
F,I,Keskin,-6.11
F,I,MJ,-0.73
F,L,Keskin,-6.65
F,L,MJ,-0.8
F,K,Keskin,-2.7
F,K,MJ,0.19
F,M,Keskin,-5.58
F,M,MJ,-0.83
F,F,Keskin,-6.45
F,F,MJ,-0.88
P,A,Keskin,-1.78
P,A,MJ,0.15
P,R,Keskin,-2.43
P,R,MJ,0.17
P,N,Keskin,-1.01
P,N,MJ,0.18
P,D,Keskin,-1.24
P,D,MJ,0.33
P,C,Keskin,-2.97
P,C,MJ,-0.18
P,Q,Keskin,-2.67
P,Q,MJ,0.17
P,E,Keskin,-1.7
P,E,MJ,0.37
P,G,Keskin,-1.01
P,G,MJ,0.02
P,H,Keskin,-1.8
P,H,MJ,0.01
P,I,Keskin,-3.09
P,I,MJ,-0.05
P,L,Keskin,-3.75
P,L,MJ,-0.12
P,K,Keskin,-0.5
P,K,MJ,0.47
P,M,Keskin,-3.11
P,M,MJ,-0.13
P,F,Keskin,-3.46
P,F,MJ,-0.19
P,P,Keskin,-0.83
P,P,MJ,0.11
S,A,Keskin,-2.49
S,A,MJ,0.1
S,R,Keskin,-2.78
S,R,MJ,0.16
S,N,Keskin,-2.13
S,N,MJ,0.09
S,D,Keskin,-2.34
S,D,MJ,0.1
S,C,Keskin,-3.41
S,C,MJ,-0.13
S,Q,Keskin,-3.06
S,Q,MJ,0.22
S,E,Keskin,-2.57
S,E,MJ,0.18
S,G,Keskin,-1.68
S,G,MJ,-0.01
S,H,Keskin,-3.12
S,H,MJ,0.04
S,I,Keskin,-3.47
S,I,MJ,0.03
S,L,Keskin,-4.12
S,L,MJ,-0.02
S,K,Keskin,-1.91
S,K,MJ,0.36
S,M,Keskin,-3.33
S,M,MJ,0.05
S,F,Keskin,-4.01
S,F,MJ,-0.12
S,P,Keskin,-1.56
S,P,MJ,0.2
S,S,Keskin,-2.14
S,S,MJ,0.05
T,A,Keskin,-2.38
T,A,MJ,0.04
T,R,Keskin,-2.43
T,R,MJ,0.11
T,N,Keskin,-2.05
T,N,MJ,0.04
T,D,Keskin,-2.41
T,D,MJ,0.11
T,C,Keskin,-2.92
T,C,MJ,-0.15
T,Q,Keskin,-3.44
T,Q,MJ,0.12
T,E,Keskin,-2.34
T,E,MJ,0.16
T,G,Keskin,-1.81
T,G,MJ,-0.04
T,H,Keskin,-2.73
T,H,MJ,-0.03
T,I,Keskin,-3.61
T,I,MJ,-0.15
T,L,Keskin,-4.28
T,L,MJ,-0.15
T,K,Keskin,-1.64
T,K,MJ,0.33
T,M,Keskin,-3.33
T,M,MJ,-0.11
T,F,Keskin,-3.85
T,F,MJ,-0.15
T,P,Keskin,-1.24
T,P,MJ,0.13
T,S,Keskin,-2.22
T,S,MJ,0.04
T,T,Keskin,-2.12
T,T,MJ,0.03
W,A,Keskin,-4.66
W,A,MJ,-0.27
W,R,Keskin,-4.54
W,R,MJ,-0.21
W,N,Keskin,-3.31
W,N,MJ,-0.1
W,D,Keskin,-3.81
W,D,MJ,0.07
W,C,Keskin,-4.7
W,C,MJ,-0.66
W,Q,Keskin,-4.87
W,Q,MJ,-0.02
W,E,Keskin,-3.84
W,E,MJ,0
W,G,Keskin,-3.77
W,G,MJ,-0.25
W,H,Keskin,-4.5
W,H,MJ,-0.37
W,I,Keskin,-5.79
W,I,MJ,-0.6
W,L,Keskin,-6.4
W,L,MJ,-0.62
W,K,Keskin,-3.12
W,K,MJ,0.09
W,M,Keskin,-5.49
W,M,MJ,-0.73
W,F,Keskin,-5.72
W,F,MJ,-0.68
W,P,Keskin,-3.96
W,P,MJ,-0.37
W,S,Keskin,-2.86
W,S,MJ,-0.01
W,T,Keskin,-3.48
W,T,MJ,-0.02
W,W,Keskin,-5.16
W,W,MJ,-0.64
Y,A,Keskin,-3.96
Y,A,MJ,-0.2
Y,R,Keskin,-4.32
Y,R,MJ,-0.25
Y,N,Keskin,-3.14
Y,N,MJ,-0.11
Y,D,Keskin,-3.63
Y,D,MJ,-0.07
Y,C,Keskin,-4.71
Y,C,MJ,-0.39
Y,Q,Keskin,-4.75
Y,Q,MJ,-0.14
Y,E,Keskin,-3.62
Y,E,MJ,-0.08
Y,G,Keskin,-3.34
Y,G,MJ,-0.22
Y,H,Keskin,-3.78
Y,H,MJ,-0.3
Y,I,Keskin,-5.39
Y,I,MJ,-0.49
Y,L,Keskin,-5.67
Y,L,MJ,-0.55
Y,K,Keskin,-2.64
Y,K,MJ,-0.05
Y,M,Keskin,-5.01
Y,M,MJ,-0.56
Y,F,Keskin,-5.33
Y,F,MJ,-0.58
Y,P,Keskin,-2.92
Y,P,MJ,-0.25
Y,S,Keskin,-3.43
Y,S,MJ,-0.08
Y,T,Keskin,-3.33
Y,T,MJ,-0.09
Y,W,Keskin,-5.12
Y,W,MJ,-0.49
Y,Y,Keskin,-4.58
Y,Y,MJ,-0.45
V,A,Keskin,-3.86
V,A,MJ,-0.32
V,R,Keskin,-3.7
V,R,MJ,0.08
V,N,Keskin,-2.76
V,N,MJ,0.12
V,D,Keskin,-3.28
V,D,MJ,0.36
V,C,Keskin,-4.82
V,C,MJ,-0.59
V,Q,Keskin,-4.29
V,Q,MJ,0.08
V,E,Keskin,-3.2
V,E,MJ,0.26
V,G,Keskin,-2.77
V,G,MJ,-0.15
V,H,Keskin,-4.14
V,H,MJ,-0.06
V,I,Keskin,-5.31
V,I,MJ,-0.67
V,L,Keskin,-6.03
V,L,MJ,-0.74
V,K,Keskin,-2.19
V,K,MJ,0.29
V,M,Keskin,-5.16
V,M,MJ,-0.51
V,F,Keskin,-5.33
V,F,MJ,-0.67
V,P,Keskin,-2.43
V,P,MJ,-0.05
V,S,Keskin,-2.95
V,S,MJ,0.04
V,T,Keskin,-2.87
V,T,MJ,-0.07
V,W,Keskin,-4.7
V,W,MJ,-0.51
V,Y,Keskin,-4.54
V,Y,MJ,-0.38
V,V,Keskin,-4.86
V,V,MJ,-0.65
A,R,Keskin,-3.26
A,R,MJ,0.24
1,V,Keskin,-2.06
1,V,MJ,0.15
R,N,Keskin,-2.67
R,N,MJ,0.1
A,D,Keskin,-2.74
A,D,MJ,0.27
R,D,Keskin,-3.92
R,D,MJ,-0.24
N,D,Keskin,-2.5
N,D,MJ,0.02
A,C,Keskin,-3.99
A,C,MJ,-0.33
R,C,Keskin,-4.41
R,C,MJ,0.08
N,C,Keskin,-1.76
N,C,MJ,-0.01
D,C,Keskin,-3.56
D,C,MJ,0.12
A,Q,Keskin,-3.65
A,Q,MJ,0.22
R,Q,Keskin,-4.13
R,Q,MJ,0.09
N,Q,Keskin,-3
N,Q,MJ,0.06
D,Q,Keskin,-3.15
D,Q,MJ,0.24
C,Q,Keskin,-4.37
C,Q,MJ,-0.07
A,E,Keskin,-2.69
A,E,MJ,0.38
R,E,Keskin,-4.05
R,E,MJ,-0.22
N,E,Keskin,-2.43
N,E,MJ,0.12
D,E,Keskin,-2.35
D,E,MJ,0.44
C,E,Keskin,-3.02
C,E,MJ,0.2
Q,E,Keskin,-3.45
Q,E,MJ,0.27
A,G,Keskin,-2.24
A,G,MJ,-0.08
R,G,Keskin,-2.71
R,G,MJ,0.09
N,G,Keskin,-1.63
N,G,MJ,-0.01
D,G,Keskin,-1.84
D,G,MJ,0.11
C,G,Keskin,-3.43
C,G,MJ,-0.31
Q,G,Keskin,-3.02
Q,G,MJ,0.13
E,G,Keskin,-1.58
E,G,MJ,0.32
A,H,Keskin,-3.29
A,H,MJ,0.07
R,H,Keskin,-3.24
R,H,MJ,0.05
N,H,Keskin,-3.05
N,H,MJ,0
D,H,Keskin,-2.93
D,H,MJ,-0.1
C,H,Keskin,-4.79
C,H,MJ,-0.36
Q,H,Keskin,-4.2
Q,H,MJ,0.15
E,H,Keskin,-3.15
E,H,MJ,0
G,H,Keskin,-2.47
G,H,MJ,0
A,I,Keskin,-4.45
A,I,MJ,-0.37
R,I,Keskin,-4.29
R,I,MJ,0
N,I,Keskin,-3.42
N,I,MJ,0.14
D,I,Keskin,-3.46
D,I,MJ,0.22
C,I,Keskin,-5.53
C,I,MJ,-0.64
Q,I,Keskin,-4.65
Q,I,MJ,-0.01
E,I,Keskin,-3.99
E,I,MJ,0.17
G,I,Keskin,-3.5
G,I,MJ,-0.13
H,I,Keskin,-4.55
H,I,MJ,-0.13
A,L,Keskin,-5.02
A,L,MJ,-0.38
R,L,Keskin,-5.01
R,L,MJ,-0.04
N,L,Keskin,-3.94
N,L,MJ,0.04
D,L,Keskin,-4.16
D,L,MJ,0.27
C,L,Keskin,-6.13
C,L,MJ,-0.65
Q,L,Keskin,-5.36
Q,L,MJ,-0.04
E,L,Keskin,-4.35
E,L,MJ,0.17
G,L,Keskin,-3.79
G,L,MJ,-0.16
H,L,Keskin,-4.85
H,L,MJ,-0.18
I,L,Keskin,-6.67
I,L,MJ,-0.81
A,K,Keskin,-1.91
A,K,MJ,0.41
R,K,Keskin,-2.11
R,K,MJ,0.66
N,K,Keskin,-1.63
N,K,MJ,0.22
D,K,Keskin,-2.47
D,K,MJ,-0.01
C,K,Keskin,-2.28
C,K,MJ,0.33
Q,K,Keskin,-2.56
Q,K,MJ,0.28
E,K,Keskin,-2.83
E,K,MJ,-0.06
G,K,Keskin,-1.32
G,K,MJ,0.29
H,K,Keskin,-2.14
H,K,MJ,0.38
I,K,Keskin,-2.88
I,K,MJ,0.24
L,K,Keskin,-3.24
L,K,MJ,0.22
A,M,Keskin,-4.42
A,M,MJ,-0.27
R,M,Keskin,-4.13
R,M,MJ,0.03
N,M,Keskin,-3.05
N,M,MJ,0.04
D,M,Keskin,-3.69
D,M,MJ,0.3
C,M,Keskin,-5.07
C,M,MJ,-0.61
Q,M,Keskin,-4.46
Q,M,MJ,-0.06
E,M,Keskin,-3.76
E,M,MJ,0.12
G,M,Keskin,-3.02
G,M,MJ,-0.17
H,M,Keskin,-4.47
H,M,MJ,-0.29
I,M,Keskin,-5.37
I,M,MJ,-0.66
L,M,Keskin,-6.24
L,M,MJ,-0.7
K,M,Keskin,-2.36
K,M,MJ,0.29
A,F,Keskin,-4.43
A,F,MJ,-0.36
R,F,Keskin,-4.51
R,F,MJ,-0.05
N,F,Keskin,-3.89
N,F,MJ,-0.01
D,F,Keskin,-3.52
D,F,MJ,0.18
C,F,Keskin,-4.81
C,F,MJ,-0.67
Q,F,Keskin,-4.89
Q,F,MJ,-0.11
E,F,Keskin,-4.1
E,F,MJ,0.14
G,F,Keskin,-3.76
G,F,MJ,-0.19
H,F,Keskin,-3.82
H,F,MJ,-0.34
I,F,Keskin,-6.11
I,F,MJ,-0.73
L,F,Keskin,-6.65
L,F,MJ,-0.8
K,F,Keskin,-2.7
K,F,MJ,0.19
M,F,Keskin,-5.58
M,F,MJ,-0.83
A,P,Keskin,-1.78
A,P,MJ,0.15
R,P,Keskin,-2.43
R,P,MJ,0.17
N,P,Keskin,-1.01
N,P,MJ,0.18
D,P,Keskin,-1.24
D,P,MJ,0.33
C,P,Keskin,-2.97
C,P,MJ,-0.18
Q,P,Keskin,-2.67
Q,P,MJ,0.17
E,P,Keskin,-1.7
E,P,MJ,0.37
G,P,Keskin,-1.01
G,P,MJ,0.02
H,P,Keskin,-1.8
H,P,MJ,0.01
I,P,Keskin,-3.09
I,P,MJ,-0.05
L,P,Keskin,-3.75
L,P,MJ,-0.12
K,P,Keskin,-0.5
K,P,MJ,0.47
M,P,Keskin,-3.11
M,P,MJ,-0.13
F,P,Keskin,-3.46
F,P,MJ,-0.19
A,S,Keskin,-2.49
A,S,MJ,0.1
R,S,Keskin,-2.78
R,S,MJ,0.16
N,S,Keskin,-2.13
N,S,MJ,0.09
D,S,Keskin,-2.34
D,S,MJ,0.1
C,S,Keskin,-3.41
C,S,MJ,-0.13
Q,S,Keskin,-3.06
Q,S,MJ,0.22
E,S,Keskin,-2.57
E,S,MJ,0.18
G,S,Keskin,-1.68
G,S,MJ,-0.01
H,S,Keskin,-3.12
H,S,MJ,0.04
I,S,Keskin,-3.47
I,S,MJ,0.03
L,S,Keskin,-4.12
L,S,MJ,-0.02
K,S,Keskin,-1.91
K,S,MJ,0.36
M,S,Keskin,-3.33
M,S,MJ,0.05
F,S,Keskin,-4.01
F,S,MJ,-0.12
P,S,Keskin,-1.56
P,S,MJ,0.2
A,T,Keskin,-2.38
A,T,MJ,0.04
R,T,Keskin,-2.43
R,T,MJ,0.11
N,T,Keskin,-2.05
N,T,MJ,0.04
D,T,Keskin,-2.41
D,T,MJ,0.11
C,T,Keskin,-2.92
C,T,MJ,-0.15
Q,T,Keskin,-3.44
Q,T,MJ,0.12
E,T,Keskin,-2.34
E,T,MJ,0.16
G,T,Keskin,-1.81
G,T,MJ,-0.04
H,T,Keskin,-2.73
H,T,MJ,-0.03
I,T,Keskin,-3.61
I,T,MJ,-0.15
L,T,Keskin,-4.28
L,T,MJ,-0.15
K,T,Keskin,-1.64
K,T,MJ,0.33
M,T,Keskin,-3.33
M,T,MJ,-0.11
F,T,Keskin,-3.85
F,T,MJ,-0.15
P,T,Keskin,-1.24
P,T,MJ,0.13
S,T,Keskin,-2.22
S,T,MJ,0.04
A,W,Keskin,-4.66
A,W,MJ,-0.27
R,W,Keskin,-4.54
R,W,MJ,-0.21
N,W,Keskin,-3.31
N,W,MJ,-0.1
D,W,Keskin,-3.81
D,W,MJ,0.07
C,W,Keskin,-4.7
C,W,MJ,-0.66
Q,W,Keskin,-4.87
Q,W,MJ,-0.02
E,W,Keskin,-3.84
E,W,MJ,0
G,W,Keskin,-3.77
G,W,MJ,-0.25
H,W,Keskin,-4.5
H,W,MJ,-0.37
I,W,Keskin,-5.79
I,W,MJ,-0.6
L,W,Keskin,-6.4
L,W,MJ,-0.62
K,W,Keskin,-3.12
K,W,MJ,0.09
M,W,Keskin,-5.49
M,W,MJ,-0.73
F,W,Keskin,-5.72
F,W,MJ,-0.68
P,W,Keskin,-3.96
P,W,MJ,-0.37
S,W,Keskin,-2.86
S,W,MJ,-0.01
T,W,Keskin,-3.48
T,W,MJ,-0.02
A,Y,Keskin,-3.96
A,Y,MJ,-0.2
R,Y,Keskin,-4.32
R,Y,MJ,-0.25
N,Y,Keskin,-3.14
N,Y,MJ,-0.11
D,Y,Keskin,-3.63
D,Y,MJ,-0.07
C,Y,Keskin,-4.71
C,Y,MJ,-0.39
Q,Y,Keskin,-4.75
Q,Y,MJ,-0.14
E,Y,Keskin,-3.62
E,Y,MJ,-0.08
G,Y,Keskin,-3.34
G,Y,MJ,-0.22
H,Y,Keskin,-3.78
H,Y,MJ,-0.3
I,Y,Keskin,-5.39
I,Y,MJ,-0.49
L,Y,Keskin,-5.67
L,Y,MJ,-0.55
K,Y,Keskin,-2.64
K,Y,MJ,-0.05
M,Y,Keskin,-5.01
M,Y,MJ,-0.56
F,Y,Keskin,-5.33
F,Y,MJ,-0.58
P,Y,Keskin,-2.92
P,Y,MJ,-0.25
S,Y,Keskin,-3.43
S,Y,MJ,-0.08
T,Y,Keskin,-3.33
T,Y,MJ,-0.09
W,Y,Keskin,-5.12
W,Y,MJ,-0.49
A,V,Keskin,-3.86
A,V,MJ,-0.32
R,V,Keskin,-3.7
R,V,MJ,0.08
N,V,Keskin,-2.76
N,V,MJ,0.12
D,V,Keskin,-3.28
D,V,MJ,0.36
C,V,Keskin,-4.82
C,V,MJ,-0.59
Q,V,Keskin,-4.29
Q,V,MJ,0.08
E,V,Keskin,-3.2
E,V,MJ,0.26
G,V,Keskin,-2.77
G,V,MJ,-0.15
H,V,Keskin,-4.14
H,V,MJ,-0.06
I,V,Keskin,-5.31
I,V,MJ,-0.67
L,V,Keskin,-6.03
L,V,MJ,-0.74
K,V,Keskin,-2.19
K,V,MJ,0.29
M,V,Keskin,-5.16
M,V,MJ,-0.51
F,V,Keskin,-5.33
F,V,MJ,-0.67
P,V,Keskin,-2.43
P,V,MJ,-0.05
S,V,Keskin,-2.95
S,V,MJ,0.04
T,V,Keskin,-2.87
T,V,MJ,-0.07
W,V,Keskin,-4.7
W,V,MJ,-0.51
Y,V,Keskin,-4.54
Y,V,MJ,-0.38
