pdb.id,CDR3,PEPTIDE,MHC,pep.len
4ozg,CASSFRFTDTQYF,APQPELPYPQPG,HLA-DQ,12
4ozh,CASSVRSTDTQYF,APQPELPYPQPGS,HLA-DQ,13
4z7u,CASSTTPGTGTETQYF,APSGEGSFQPSQENPQ,HLA-DQ,16
5jhd,CASSIGVYGYTF,XGILGFVFTL,HLA-A*02,10
5jzi,CASRRGPYEQYF,XKLVALGINAV,HLA-A*02,11
6ulr,CASSLGEGRVDGYTF,GADGVGKSA,HLA-C*08,9
6v0y,CASSLDWGGQNTLYF,GGYAPAKAAAT,HLA-DR,11
6v13,CASSLDWGVNTLYF,GGYRAPAKAAAT,HLA-DR,12
6v15,CASSLDWGVNTLYF,GGYAPAKAAAT,HLA-DR,11
6v18,CASSLDWGGQNTLYF,GGYRAPAKAAAT,HLA-DR,12
6v19,CASSLDWASQNTLYF,GGYAPAKAAAT,HLA-DR,11
6v1a,CASSLDWASQNTLYF,GGYRAPAKAAAT,HLA-DR,12
1ao7,CASRPGLAGGRPEQYF,LLFGYPVYV,HLA-A*02,9
1bd2,CASSYPGGGFYEQYF,LLFGYPVYV,HLA-A*02,9
1d9k,CASGGQGRAEQFF,GNSHRGAIEWEGIESG,H-2,16
1fo0,CTCSADRVGNTLYF,INFDFNTI,H-2,8
1fyt,CASSSTGLPYGYTF,PKYVKQNTLKLAT,HLA-DR,13
1g6r,CASGGGGTLYF,SIYRYYGL,H-2,8
1j8h,CASSSTGLPYGYTF,PKYVKQNTLKLAT,HLA-DR,13
1jtr,CASGGGGTLYF,EQYKFYSV,H-2,8
1kj2,CTCSAAPDWGASAETLYF,KVITFIDL,H-2,8
1lp9,CASSDWVSYEQYF,ALWGFFPVL,HLA-A*02,9
1mi5,CASSLGQAYEQYF,FLRGRAYGL,HLA-B*08,9
1mwa,CASGGGGTLYF,EQYKFYSV,H-2,8
1nam,CTCSADRVGNTLYF,RGYVYQGL,H-2,8
1oga,CASSSRSSYEQYF,GILGFVFTL,HLA-A*02,9
1qrn,CASRPGLAGGRPEQYF,LLFGYAVYV,HLA-A*02,9
1qse,CASRPGLAGGRPEQYF,LLFGYPRYV,HLA-A*02,9
1qsf,CASRPGLAGGRPEQYF,LLFGYPVAV,HLA-A*02,9
1u3h,CASGDAGGGYEQYF,SRGGASQYRPSQ,H-2,12
1ymm,CSARDLTSGANNEQFF,ENPVVHFFKNIVTP,HLA-DR,14
1zgl,CASSLADRVNTEAFF,VHFFKNIVTPRTPG,HLA-DR,14
2ak4,CASPGLAGEYEQYF,LPEPLPQGQLTAY,HLA-B*35,13
2bnq,CASSYVGNTGELFF,SLLMWITQV,HLA-A*02,9
2bnr,CASSYVGNTGELFF,SLLMWITQC,HLA-A*02,9
2ckb,CASGGGGTLYF,EQYKFYSV,H-2,8
2e7l,CASGGGGTLYF,QLSPFPFDL,H-2,9
2esv,CASSQDRDTQYF,VMAPRTLIL,HLA-E*01,9
2f53,CASSYVGNTGELFF,SLLMWITQC,HLA-A*02,9
2f54,CASSYVGNTGELFF,SLLMWITQC,HLA-A*02,9
2gj6,CASRPGLAGGRPEQYF,LLFGKPVYV,HLA-A*02,9
2iam,CASTYHGTGYF,GELIGILNAAKVPAD,HLA-DR,15
2ian,CASTYHGTGYF,GELIGTLNAAKVPAD,HLA-DR,15
2j8u,CASSDWVSYEQYF,ALWGFFPVL,HLA-A*02,9
2jcc,CASSDWVSYEQYF,ALWGFFPVL,HLA-A*02,9
2nx5,CATGTGDSNQPQHF,EPLPQGQLTAY,HLA-B*35,11
2oi9,CASGGGGTLYF,QLSPFPFDL,H-2,9
2ol3,CTCSADRVGNTLYF,SQYYYNSL,H-2,8
2p5e,CASSYLGNTGELFF,SLLMWITQC,HLA-A*02,9
2p5w,CASSYLGNTGELFF,SLLMWITQC,HLA-A*02,9
2pxy,CASGDASGAETLYF,RGGASQYRPSQ,H-2,11
2pye,CASSYLGNTGELFF,SLLMWITQC,HLA-A*02,9
2uwe,CASSDWVSYEQYF,ALWGFFPVL,HLA-A*02,9
2vlj,CASSSRSSYEQYF,GILGFVFTL,HLA-A*02,9
2vlk,CASSSRSSYEQYF,GILGFVFTL,HLA-A*02,9
2vlr,CASSSRASYEQYF,GILGFVFTL,HLA-A*02,9
2xn9,CASSSRSSYEQYF,PKYVKQNTLKLAT,HLA-DR,13
2ypl,CASTGSYGYTF,KAFSPEVIPMF,HLA-B*57,11
2z31,CASGDASGGNTLYF,RGGASQYRPSQ,H-2,11
3c5z,CASIDSSGNTLYF,FEAQKAKANKAVDG,H-2,14
3c60,CASGDFWGDTLYF,FEAQKAKANKAVD,H-2,13
3c6l,CASGDAWGYEQYF,FEAQKAKANKAV,H-2,12
3d39,CASRPGLAGGRPEQYF,LLFGPVYV,HLA-A*02,8
3d3v,CASRPGLAGGRPEQYF,LLFGPVYV,HLA-A*02,8
3dxa,CASRYRDDSYNEQFF,EENLLDFVRF,HLA-B*44,10
3e2h,CASGGGGTLYF,QLSPFPFDL,H-2,9
3e3q,CASGGGGTLYF,QLSPFPFDL,H-2,9
3ffc,CASSFTWTSGGATDTQYF,FLRGRAYGL,HLA-B*08,9
3gjf,CWSFAGSYYVF,SLLMWITQV,HLA-A*02,9
3gsn,CASSPVTGGIYGYTF,NLVPMVATV,HLA-A*02,9
3h9s,CASRPGLAGGRPEQYF,MLWGYLQYV,HLA-A*02,9
3hae,CWSFAGSYYVF,SLLMWITQV,HLA-A*02,9
3hg1,CAWSETGLGTGELFF,ELAGIGILTV,HLA-A*02,10
3kpr,CASSLGQAYEQYF,EEYLKAWTF,HLA-B*44,9
3kps,CASSLGQAYEQYF,EEYLQAFTY,HLA-B*44,9
3kxf,CASPGLAGEYEQYF,LPEPLPQGQLTAY,HLA-B*35,13
3mbe,CASSWDRAGNTLYF,GAMKRHGLDNYRGYSLG,H-2,17
3mv7,CASSARSGELFF,HPVGEADYFEY,HLA-B*35,11
3mv8,CASSARSGELFF,HPVGEADYFEY,HLA-B*35,11
3mv9,CASSARSGELFF,HPVGEADYFEY,HLA-B*35,11
3nfj,CAWSVSVGAGVPTIYF,RYPLTFGWCF,HLA-A*24,10
3o4l,CSARDGTGNGYTF,GLCTLVAML,HLA-A*02,9
3o6f,CSARGGSYNSPLHF,FSWGAEGQRPGF,HLA-DR,12
3pl6,CATSALGDTQYF,NPVVHFFKNIVTPR,HLA-DQ,14
3pqy,CASSFGREQYF,SSLENFRAYV,H-2,10
3pwp,CASRPGLAGGRPEQYF,LGYGFVNYI,HLA-A*02,9
3qdg,CASSLSFGTEAFF,ELAGIGILTV,HLA-A*02,10
3qdj,CASSLSFGTEAFF,AAGIGILTV,HLA-A*02,9
3qdm,CAISEVGVGQPQHF,ELAGIGILTV,HLA-A*02,10
3qeq,CAISEVGVGQPQHF,AAGIGILTV,HLA-A*02,9
3qfj,CASRPGLAGGRPEQYF,LLFGFPVYV,HLA-A*02,9
3qib,CASSLNWSQDTQYF,ADLIAYLKQATKG,H-2,13
3qiu,CASSLNNANSDYTF,ADLIAYLKQATKG,H-2,13
3qiw,CASSLNNANSDYTF,ADLIAYLEQATKG,H-2,13
3rdt,CASGDFWGDTLYF,FEAQKAKANKAVD,H-2,13
3rgv,CASGDFWGDTLYF,WIYVYRPMGCGGS,H-2,13
3sjv,CASGQGNFDIQYF,FLRGRAYGL,HLA-B*08,9
3t0e,CSARGGSYNSPLHF,FSWGAEGQRPGFGSGG,HLA-DR,16
3tfk,CASSDAPGQLYF,QLSDVPMDL,H-2,9
3tjh,CASSDAPGQLYF,SPLDSLWWI,H-2,9
3tpu,CASSDAPGQLYF,FLSPFWFDI,H-2,9
3uts,CASSLWEKLAKNIQYF,ALWGPDPAAA,HLA-A*02,10
3utt,CASSLWEKLAKNIQYF,ALWGPDPAAA,HLA-A*02,10
3vxm,CASSPTSGIYEQYF,RFPLTFGWCF,HLA-A*24,10
3vxr,CASSSWDTGELFF,RYPLTFGWCF,HLA-A*24,10
3vxs,CASSSWDTGELFF,RYPLTLGWCF,HLA-A*24,10
4e41,CASSQIRETQYF,GELIGILNAAKVPAD,HLA-DR,15
4eup,CASSFLGTGVEQYF,ALGIGILTV,HLA-A*02,9
4euq,CASSFLGTGVEQYF,EAAGIGILTV,HLA-A*02,10
4ftv,CASRPGLMSAQPEQYF,LLFGYPVYV,HLA-A*02,9
4g8g,CASREGLGGTEAFF,KRWIILGLNK,HLA-B*27,10
4g9f,CASREGLGGTEAFF,KRWIIMGLNK,HLA-B*27,10
4gg6,CASSVAVSAGTYEQYF,SGEGSFQPSQENP,HLA-DQ,13
4grl,CATSALGDTQYF,RLLMLFAKDVVSRN,HLA-DQ,14
4h1l,CASSLRDGYTGELFF,QHIRCNIPKRISA,HLA-DR,13
4jfd,CAWSETGLGMGGWQF,ELAAIGILTV,HLA-A*02,10
4jfe,CAWSETGLGMGGWQF,ELAGIGALTV,HLA-A*02,10
4jff,CAWSETGLGMGGWQF,ELAGIGILTV,HLA-A*02,10
4jrx,CASPGETEAFF,LPEPLPQGQLTAY,HLA-B*35,13
4jry,CASSRTGSTYEQYF,LPEPLPQGQLTAY,HLA-B*35,13
4l3e,CASSWSFGTEAFF,ELAGIGILTV,HLA-A*02,10
4may,CATSALGDTQYF,QLVHFVRDFAQL,HLA-DQ,12
4mji,CASSLTGGGELFF,TAFTIPSI,HLA-B*51,8
4mnq,CASSYQGTEAFF,ILAKFLHWL,HLA-A*02,9
4ms8,CASSDAPGQLYF,SPAEAGFFL,H-2,9
4mvb,CASSDAPGQLYF,QPAEGGFQL,H-2,9
4mxq,CASSDAPGQLYF,SPAPRPLDL,H-2,9
4n0c,CASSDAPGQLYF,MPAGRPWDL,H-2,9
4n5e,CASSDAPGQLYF,VPYMAEFGM,H-2,9
4ozf,CASSFRALAADTQYF,APQPELPYPQPGS,HLA-DQ,13
4ozi,CSAGVGGQETQYF,QPFPQPELPYP,HLA-DQ,11
4p23,CASGDFWGDTLYF,FEAQKAKANKAVD,H-2,13
4p2o,CASSLNWSQDTQYF,PADPLAFFSSAIKGGGGSLV,H-2,20
4p2q,CASSLNNANSDYTF,ADGLAYFRSSFKGG,H-2,14
4p2r,CASSLNNANSDYTF,ANGVAFFLTPFKA,H-2,13
4p4k,CASSLAQGGETQYF,QAFWIDLFETIG,HLA-DP,12
4p5t,CASGDFWGDTLYF,FEAQKAKANKAVD,H-2,13
4prh,CASSARSGELFF,HPVGDADYFEY,HLA-B*35,11
4pri,CASSARSGELFF,HPVGEADYFEY,HLA-B*35,11
4prp,CASSARSGELFF,HPVGQADYFEY,HLA-B*35,11
4qok,CAWSETGLGTGELFF,EAAGIGILTV,HLA-A*02,10
4qrp,CASSLRGRGDQPQHF,HSKKKCDEL,HLA-B*08,9
4qrr,CASSLEGGYYNEQFF,IPSINVHHY,HLA-B*35,9
4wuu,CAAWDDSLNGWVF,RMFPNAPYL,HLA-A*02,9
4y19,CASRPRRDNEQFF,QPLALEGSLQKRG,HLA-DR,13
4y1a,CASRPRDPVTQYF,LQPLALEGSLQKRG,HLA-DR,14
4z7v,CASSAGTSGEYEQYF,SGEGSFQPSQENP,HLA-DQ,13
4z7w,CASSEARRYNEQFF,PSGEGSFQPSQENPQ,HLA-DQ,15
5brz,CASSFNMATGQYF,EVDPIGHLY,HLA-A*01,9
5bs0,CASSFNMATGQYF,ESDPIVAQY,HLA-A*01,9
5c07,CASSLWEKLAKNIQYF,YQFGPDFPIA,HLA-A*02,10
5c08,CASSLWEKLAKNIQYF,RQWGPDPAAV,HLA-A*02,10
5c09,CASSLWEKLAKNIQYF,YLGGPDFPTI,HLA-A*02,10
5c0a,CASSLWEKLAKNIQYF,MVWGPDPLYV,HLA-A*02,10
5c0b,CASSLWEKLAKNIQYF,RQFGPDFPTI,HLA-A*02,10
5c0c,CASSLWEKLAKNIQYF,RQFGPDWIVA,HLA-A*02,10
5d2l,CASSQTQLWETQYF,NLVPMVATV,HLA-A*02,9
5d2n,CASSLAPGTTNEKLFF,NLVPMVATV,HLA-A*02,9
5e6i,CASSLIYPGELFF,GILGFVFTL,HLA-A*02,9
5e9d,CASRPGWMAGGVELYF,ELAGIGILTV,HLA-A*02,10
5eu6,CASSFIGGTDTQYF,YLEPGPVTV,HLA-A*02,9
5euo,CASSIRSSYEQYF,GILGFVFTL,HLA-A*02,9
5hhm,CASSSRSSYEQYF,GILGLVFTL,HLA-A*02,9
5hho,CASSIRSSYEQYF,GILEFVFTL,HLA-A*02,9
5hyj,CASSLWEKLAKNIQYF,AQWGPDPAAA,HLA-A*02,10
5isz,CASSIFGQREQYF,GILGFVFTL,HLA-A*02,9
5ivx,CASSLGHTEVFF,RGPGRAFVTI,H-2,10
5ks9,CASSVAPGSDTQYF,APSGEGSFQPSQENPQ,HLA-DQ,16
5ksa,CASSVAGTPSYEQYF,QPQQSFPEQEA,HLA-DQ,11
5ksb,CASSNRGLGTDTQYF,GPQQSFPEQEA,HLA-DQ,11
5m00,CASSDAGGRNTLYF,KAVANFATM,H-2,9
5m01,CASSDAGGRNTLYF,KAPANFATM,H-2,9
5m02,CASSDAGGRNTLYF,KAPFNFATM,H-2,9
5men,CASSYQGTEAFF,ILAKFLHWL,HLA-A*02,9
5nht,CASSQGLAGAGELFF,ELAGIGILTV,HLA-A*02,10
5nme,CASSDTVSYEQYF,SLYNTVATL,HLA-A*02,9
5nmf,CASSDTVSYEQYF,SLYNTIATL,HLA-A*02,9
5nmg,CASSDTVSYEQYF,SLFNTIAVL,HLA-A*02,9
5nqk,CASSQGLAGAGELFF,ELAGIGILTV,HLA-A*02,10
5sws,CASSAGLDAEQYF,ASNENMETM,H-2,9
5swz,CASSRDLGRDTQYF,ASNENMETM,H-2,9
5tez,CASSLLGGWSEAFF,GILGFVFTL,HLA-A*02,9
5til,CASSDAGGRNTLYF,KAPYNFATM,H-2,9
5tje,CASSDAGGRNTLYF,KAVYNFATM,H-2,9
5w1v,CASSANPGDSSNEKLFF,VMAPRTLIL,HLA-E*01,9
5w1w,CASSANPGDSSNEKLFF,VMAPRTLVL,HLA-E*01,9
5wkf,CASSLGQGLLYGYTF,GTSGSPIVNR,HLA-A*11,10
5wkh,CASSLGQGLLYGYTF,GTSGSPIINR,HLA-A*11,10
5wlg,CASSDWGDTGQLYF,SQLLNAKYL,H-2,9
5xot,CASRTRGGTLIEQYF,IPLTEEAEL,HLA-B*35,9
5xov,CAWSVSVGAGVPTIYF,RYPLTFGWCF,HLA-A*24,10
5yxn,CASRRGPYEQYF,KLVALGINAV,HLA-A*02,10
5yxu,CASRRGSAELYF,KLVALGINAV,HLA-A*02,10
6am5,CASSLSFGTEAFF,SMLGIGIVPV,HLA-A*02,10
6amu,CASSLSFGTEAFF,MMWDRGLGMM,HLA-A*02,10
6avf,CASSQRQEGDTQYF,APRGPHGGAASGL,HLA-B*07,13
6avg,CASSGGHTGSNEQFF,APRGPHGGAASGL,HLA-B*07,13
6bj2,CASSFRGGKTQYF,IPLTEEAEL,HLA-B*35,9
6bj3,CASRTRGGTLIEQYF,IPLTEEAEL,HLA-B*35,9
6bj8,CASRTRGGTLIEQYF,VPLTEDAEL,HLA-B*35,9
6cql,CASSRLAGGMDEQFF,RFYKTLRAEQASQ,HLA-DR,13
6cqn,CASSGLAGGMDEQFF,RFYKTLRAEQASQ,HLA-DR,13
6cqq,CASSRLAGGMDEQFF,RFYKTLRAEQASQ,HLA-DR,13
6cqr,CASSRLAGGMDEQFF,RFYKTLRAEQASQ,HLA-DR,13
6d78,CASSWSFGTEAFF,AAGIGILTV,HLA-A*02,9
6dkp,CASSWSFGTEAFF,ELAGIGILTV,HLA-A*02,10
6eqa,CAWSETGLGTGELFF,AAGIGILTV,HLA-A*02,9
6eqb,CAWSETGLGMGGWQF,AAGIGILTV,HLA-A*02,9
6g9q,CASSDAGGRNTLYF,KAPYDYAPI,H-2,9
6l9l,CASSDGDYEQYF,SPSYAYHQF,H-2,9
6mtm,CASSMSAMGTEAFF,FEDLRVLSF,HLA-B*37,9
6p64,CASSRTSPTDTQYF,KQWLVWLFL,HLA-A*02,9
6px6,CASSHGASTDTQYF,APFSEQEQPVLG,HLA-DQ,12
6py2,CASSSGGWGGGTEAFF,APFSEQEQPVLG,HLA-DQ,12
6q3s,CASSYVGNTGELFF,SLLMWITQV,HLA-A*02,9
6r2l,CASSPLDVSISSYNEQFF,SLSKILDTV,HLA-A*02,9
6rp9,CASSSPGGVSTEAFF,SLLMWITQV,HLA-A*02,9
6rpa,CSVGGSGGADTQYF,SLLMWITQV,HLA-A*02,9
6rpb,CASSYLNRDSALDF,SLLMWITQV,HLA-A*02,9
6rsy,CASSLGFGRDVMRF,RMFPNAPYL,HLA-A*02,9
6tmo,CAWSETGLGMGGWQF,EAAGIGILTV,HLA-A*02,10
6tro,CASSFLMTSGDPYEQYF,GVYDGREHTV,HLA-A*02,10
6u3n,CASSLEGQGASEQFF,APMPMPELPYP,HLA-DQ,11
6u3o,CASSFRALAADTQYF,AVVQSELPYPEGS,HLA-DQ,13
6uk4,CASSRTSPTDTQYF,KQWLVWLFL,HLA-A*02,9
6uon,CASSDPGTEAFF,GADGVGKSAL,HLA-C*08,10
6vm7,CASSITLSSYNEQFF,ITDQVPFSV,HLA-A*02,9
6vm8,CASSITLSSYNEQFF,IMDQVPFSV,HLA-A*02,9
6vma,CASSMGGTYEQYF,ITDQVPFSV,HLA-A*02,9
6vmc,CASSMGGTYEQYF,ILDQVPFSV,HLA-A*02,9
6vmx,CASSQDLFTGGYTF,RPPIFIRRL,HLA-B*07,9
6vqo,CASSIQQGADTQYF,HMTEVVRHC,HLA-A*02,9
6vrm,CASSEGLWQVGDEQYF,HMTEVVRHC,HLA-A*02,9
6vrn,CAISELVTGDSPLHF,HMTEVVRHC,HLA-A*02,9
7jwi,CASSRDLGRDTQYF,ASNENMETM,H-2,9
7jwj,CASSRGTIHSNTEVFF,ASNENMETM,H-2,9
7n1e,CASSLGGAGGADTQYF,RLQSLQTYV,HLA-A*02,9
7n1f,CASSPDIEQYF,YLQPRTFLL,HLA-A*02,9
7n6e,CAGQVTNTGELFF,YLQPRTFLL,HLA-A*02,9
