pdb.id,complex.species,mhc.class,peptide,cdr3a,cdr3b,nonred
1ao7,Human,MHCI,LLFGYPVYV,CAVTTDSWGKLQF,CASRPGLAGGRPEQYF,TRUE
1bd2,Human,MHCI,LLFGYPVYV,CAAMEGAQKLVF,CASSYPGGGFYEQYF,TRUE
1d9k,Mouse,MHCII,GNSHRGAIEWEGIESG,CAATGSFNKLTF,CASGGQGRAEQFF,TRUE
1fo0,Mouse,MHCI,INFDFNTI,CAMRGDYGGSGNKLIF,CTCSADRVGNTLYF,TRUE
1fyt,Human,MHCII,PKYVKQNTLKLAT,CAVSESPFGNEKLTF,CASSSTGLPYGYTF,TRUE
1g6r,Mouse,MHCI,SIYRYYGL,CAVSGFASALTF,CASGGGGTLYF,TRUE
1j8h,Human,MHCII,PKYVKQNTLKLAT,CAVSESPFGNEKLTF,CASSSTGLPYGYTF,FALSE
1jtr,Mouse,MHCI,EQYKFYSV,CAVSGFASALTF,CASGGGGTLYF,FALSE
1kj2,Mouse,MHCI,KVITFIDL,CAARYQGGRALIF,CTCSAAPDWGASAETLYF,TRUE
1lp9,Human,MHCI,ALWGFFPVL,CALFLASSSFSKLVF,CASSDWVSYEQYF,TRUE
1mi5,Human,MHCI,FLRGRAYGL,CILPLAGGTSYGKLTF,CASSLGQAYEQYF,TRUE
1mwa,Mouse,MHCI,EQYKFYSV,CAVSGFASALTF,CASGGGGTLYF,FALSE
1nam,Mouse,MHCI,RGYVYQGL,CAMRGDYGGSGNKLIF,CTCSADRVGNTLYF,TRUE
1oga,Human,MHCI,GILGFVFTL,CAGAGSQGNLIF,CASSSRSSYEQYF,TRUE
1qrn,Human,MHCI,LLFGYAVYV,CAVTTDSWGKLQF,CASRPGLAGGRPEQYF,FALSE
1qse,Human,MHCI,LLFGYPRYV,CAVTTDSWGKLQF,CASRPGLAGGRPEQYF,FALSE
1qsf,Human,MHCI,LLFGYPVAV,CAVTTDSWGKLQF,CASRPGLAGGRPEQYF,FALSE
1u3h,Mouse,MHCII,SRGGASQYRPSQ,CAASANSGTYQRF,CASGDAGGGYEQYF,TRUE
1ymm,Human,MHCII,ENPVVHFFKNIVTP,CATDTTSGTYKYIF,CSARDLTSGANNEQFF,TRUE
1zgl,Human,MHCII,VHFFKNIVTPRTPG,CALSGGDSSYKLIF,CASSLADRVNTEAFF,TRUE
2ak4,Human,MHCI,LPEPLPQGQLTAY,CALSGFYNTDKLIF,CASPGLAGEYEQYF,TRUE
2bnq,Human,MHCI,SLLMWITQV,CAVRPTSGGSYIPTF,CASSYVGNTGELFF,TRUE
2bnr,Human,MHCI,SLLMWITQC,CAVRPTSGGSYIPTF,CASSYVGNTGELFF,FALSE
2ckb,Mouse,MHCI,EQYKFYSV,CAVSGFASALTF,CASGGGGTLYF,FALSE
2e7l,Mouse,MHCI,QLSPFPFDL,CAVSHQGRYLTF,CASGGGGTLYF,TRUE
2esv,Human,MHCI,VMAPRTLIL,CIVVRSSNTGKLIF,CASSQDRDTQYF,TRUE
2f53,Human,MHCI,SLLMWITQC,CAVRPTSGGSYIPTF,CASSYVGNTGELFF,FALSE
2f54,Human,MHCI,SLLMWITQC,CAVRPTSGGSYIPTF,CASSYVGNTGELFF,FALSE
2gj6,Human,MHCI,LLFGKPVYV,CAVTTDSWGKLQF,CASRPGLAGGRPEQYF,FALSE
2iam,Human,MHCII,GELIGILNAAKVPAD,CAALIQGAQKLVF,CASTYHGTGYF,TRUE
2ian,Human,MHCII,GELIGTLNAAKVPAD,CAALIQGAQKLVF,CASTYHGTGYF,FALSE
2j8u,Human,MHCI,ALWGFFPVL,CALFLASSSFSKLVF,CASSDWVSYEQYF,FALSE
2jcc,Human,MHCI,ALWGFFPVL,CALFLASSSFSKLVF,CASSDWVSYEQYF,FALSE
2nx5,Human,MHCI,EPLPQGQLTAY,CAVQASGGSYIPTF,CATGTGDSNQPQHF,TRUE
2oi9,Mouse,MHCI,QLSPFPFDL,CAVSGFASALTF,CASGGGGTLYF,FALSE
2ol3,Mouse,MHCI,SQYYYNSL,CAMRGDYGGSGNKLIF,CTCSADRVGNTLYF,FALSE
2p5e,Human,MHCI,SLLMWITQC,CAVRPLLDGTYIPTF,CASSYLGNTGELFF,FALSE
2p5w,Human,MHCI,SLLMWITQC,CAVRPLLDGTYIPTF,CASSYLGNTGELFF,FALSE
2pxy,Mouse,MHCII,RGGASQYRPSQ,CALSENYGNEKITF,CASGDASGAETLYF,TRUE
2pye,Human,MHCI,SLLMWITQC,CAVRPLLDGTYIPTF,CASSYLGNTGELFF,FALSE
2uwe,Human,MHCI,ALWGFFPVL,CALFLASSSFSKLVF,CASSDWVSYEQYF,FALSE
2vlj,Human,MHCI,GILGFVFTL,CAGAGSQGNLIF,CASSSRSSYEQYF,FALSE
2vlk,Human,MHCI,GILGFVFTL,CAGAGSQGNLIF,CASSSRSSYEQYF,FALSE
2vlr,Human,MHCI,GILGFVFTL,CAGAGSQGNLIF,CASSSRASYEQYF,FALSE
2xn9,Human,MHCII,PKYVKQNTLKLAT,CAGAGSQGNLIF,CASSSRSSYEQYF,TRUE
2ypl,Human,MHCI,KAFSPEVIPMF,CAVSGGYQKVTF,CASTGSYGYTF,TRUE
2z31,Mouse,MHCII,RGGASQYRPSQ,CALSENYGNEKITF,CASGDASGGNTLYF,FALSE
3c5z,Mouse,MHCII,FEAQKAKANKAVDG,CALVISNTNKVVF,CASIDSSGNTLYF,TRUE
3c60,Mouse,MHCII,FEAQKAKANKAVD,CAANSGTYQRF,CASGDFWGDTLYF,TRUE
3c6l,Mouse,MHCII,FEAQKAKANKAV,CAASDNRIFF,CASGDAWGYEQYF,TRUE
3d39,Human,MHCI,LLFGPVYV,CAVTTDSWGKLQF,CASRPGLAGGRPEQYF,FALSE
3d3v,Human,MHCI,LLFGPVYV,CAVTTDSWGKLQF,CASRPGLAGGRPEQYF,FALSE
3dxa,Human,MHCI,EENLLDFVRF,CIVWGGYQKVTF,CASRYRDDSYNEQFF,TRUE
3e2h,Mouse,MHCI,QLSPFPFDL,CAVSLERPYLTF,CASGGGGTLYF,FALSE
3e3q,Mouse,MHCI,QLSPFPFDL,CAVSDPPPLLTF,CASGGGGTLYF,FALSE
3ffc,Human,MHCI,FLRGRAYGL,CAMREDTGNQFYF,CASSFTWTSGGATDTQYF,TRUE
3gjf,Human,MHCI,SLLMWITQV,CAGELLPYYGMDVW,CWSFAGSYYVF,TRUE
3gsn,Human,MHCI,NLVPMVATV,CARNTGNQFYF,CASSPVTGGIYGYTF,TRUE
3h9s,Human,MHCI,MLWGYLQYV,CAVTTDSWGKLQF,CASRPGLAGGRPEQYF,FALSE
3hae,Human,MHCI,SLLMWITQV,CAGELLPYYGMDVW,CWSFAGSYYVF,FALSE
3hg1,Human,MHCI,ELAGIGILTV,CAVNVAGKSTF,CAWSETGLGTGELFF,TRUE
3kpr,Human,MHCI,EEYLKAWTF,CILPLAGGTSYGKLTF,CASSLGQAYEQYF,TRUE
3kps,Human,MHCI,EEYLQAFTY,CILPLAGGTSYGKLTF,CASSLGQAYEQYF,FALSE
3kxf,Human,MHCI,LPEPLPQGQLTAY,CALSGFYNTDKLIF,CASPGLAGEYEQYF,FALSE
3mbe,Mouse,MHCII,GAMKRHGLDNYRGYSLG,CAAEDGGSGNKLIF,CASSWDRAGNTLYF,TRUE
3mv7,Human,MHCI,HPVGEADYFEY,CAVQDLGTSGSRLTF,CASSARSGELFF,TRUE
3mv8,Human,MHCI,HPVGEADYFEY,CAVQDLGTSGSRLTF,CASSARSGELFF,FALSE
3mv9,Human,MHCI,HPVGEADYFEY,CAVQDLGTSGSRLTF,CASSARSGELFF,FALSE
3nfj,Human,MHCI,RYPLTFGWCF,CALGELARSGGYQKVTF,CAWSVSVGAGVPTIYF,TRUE
3o4l,Human,MHCI,GLCTLVAML,CAEDNNARLMF,CSARDGTGNGYTF,TRUE
3o6f,Human,MHCII,FSWGAEGQRPGF,CTVYGGATNKLIF,CSARGGSYNSPLHF,TRUE
3pl6,Human,MHCII,NPVVHFFKNIVTPR,CAASSFGNEKLTF,CATSALGDTQYF,TRUE
3pqy,Mouse,MHCI,SSLENFRAYV,CILSGGSNYKLTF,CASSFGREQYF,TRUE
3pwp,Human,MHCI,LGYGFVNYI,CAVTTDSWGKLQF,CASRPGLAGGRPEQYF,TRUE
3qdg,Human,MHCI,ELAGIGILTV,CAVNFGGGKLIF,CASSLSFGTEAFF,TRUE
3qdj,Human,MHCI,AAGIGILTV,CAVNFGGGKLIF,CASSLSFGTEAFF,FALSE
3qdm,Human,MHCI,ELAGIGILTV,CAGGTGNQFYF,CAISEVGVGQPQHF,TRUE
3qeq,Human,MHCI,AAGIGILTV,CAGGTGNQFYF,CAISEVGVGQPQHF,FALSE
3qfj,Human,MHCI,LLFGFPVYV,CAVTTDSWGKLQF,CASRPGLAGGRPEQYF,FALSE
3qib,Mouse,MHCII,ADLIAYLKQATKG,CAALRATGGNNKLTF,CASSLNWSQDTQYF,TRUE
3qiu,Mouse,MHCII,ADLIAYLKQATKG,CAAEPSSGQKLVF,CASSLNNANSDYTF,TRUE
3qiw,Mouse,MHCII,ADLIAYLEQATKG,CAAEPSSGQKLVF,CASSLNNANSDYTF,FALSE
3rdt,Mouse,MHCII,FEAQKAKANKAVD,CAASKGADRLTF,CASGDFWGDTLYF,TRUE
3rgv,Mouse,MHCI,WIYVYRPMGCGGS,CAANSGTYQRF,CASGDFWGDTLYF,TRUE
3sjv,Human,MHCI,FLRGRAYGL,CVVRAGKLIF,CASGQGNFDIQYF,TRUE
3t0e,Human,MHCII,FSWGAEGQRPGFGSGG,CTVYGGATNKLIF,CSARGGSYNSPLHF,FALSE
3tfk,Mouse,MHCI,QLSDVPMDL,CAVSAKGTGSKLSF,CASSDAPGQLYF,TRUE
3tjh,Mouse,MHCI,SPLDSLWWI,CAVSAKGTGSKLSF,CASSDAPGQLYF,TRUE
3tpu,Mouse,MHCI,FLSPFWFDI,CAVSAKGTGSKLSF,CASSDAPGQLYF,FALSE
3uts,Human,MHCI,ALWGPDPAAA,CAMRGDSSYKLIF,CASSLWEKLAKNIQYF,TRUE
3utt,Human,MHCI,ALWGPDPAAA,CAMRGDSSYKLIF,CASSLWEKLAKNIQYF,FALSE
3vxm,Human,MHCI,RFPLTFGWCF,CAVGAPSGAGSYQLTF,CASSPTSGIYEQYF,TRUE
3vxr,Human,MHCI,RYPLTFGWCF,CAVRMDSSYKLIF,CASSSWDTGELFF,TRUE
3vxs,Human,MHCI,RYPLTLGWCF,CAVRMDSSYKLIF,CASSSWDTGELFF,FALSE
4e41,Human,MHCII,GELIGILNAAKVPAD,CAVDRGSTLGRLYF,CASSQIRETQYF,TRUE
4eup,Human,MHCI,ALGIGILTV,CAVSGGGADGLTF,CASSFLGTGVEQYF,TRUE
4euq,Human,MHCI,EAAGIGILTV,CAVSGGGADGLTF,CASSFLGTGVEQYF,FALSE
4ftv,Human,MHCI,LLFGYPVYV,CAVTTDSWGKLQF,CASRPGLMSAQPEQYF,TRUE
4g8g,Human,MHCI,KRWIILGLNK,CAMRDLRDNFNKFYF,CASREGLGGTEAFF,TRUE
4g9f,Human,MHCI,KRWIIMGLNK,CAMRDLRDNFNKFYF,CASREGLGGTEAFF,FALSE
4gg6,Human,MHCII,SGEGSFQPSQENP,CILRDGRGGADGLTF,CASSVAVSAGTYEQYF,TRUE
4grl,Human,MHCII,RLLMLFAKDVVSRN,CAASSFGNEKLTF,CATSALGDTQYF,TRUE
4h1l,Human,MHCII,QHIRCNIPKRISA,CAVGASGNTGKLIF,CASSLRDGYTGELFF,TRUE
4jfd,Human,MHCI,ELAAIGILTV,CAVNDGGRLTF,CAWSETGLGMGGWQF,TRUE
4jfe,Human,MHCI,ELAGIGALTV,CAVNDGGRLTF,CAWSETGLGMGGWQF,FALSE
4jff,Human,MHCI,ELAGIGILTV,CAVNDGGRLTF,CAWSETGLGMGGWQF,FALSE
4jrx,Human,MHCI,LPEPLPQGQLTAY,CALSGFYNTDKLIF,CASPGETEAFF,FALSE
4jry,Human,MHCI,LPEPLPQGQLTAY,CAVGGGSNYQLIW,CASSRTGSTYEQYF,TRUE
4l3e,Human,MHCI,ELAGIGILTV,CAVNFGGGKLIF,CASSWSFGTEAFF,FALSE
4may,Human,MHCII,QLVHFVRDFAQL,CAASSFGNEKLTF,CATSALGDTQYF,TRUE
4mji,Human,MHCI,TAFTIPSI,CATDDDSARQLTF,CASSLTGGGELFF,TRUE
4mnq,Human,MHCI,ILAKFLHWL,CAVDSATALPYGYIF,CASSYQGTEAFF,TRUE
4ms8,Mouse,MHCI,SPAEAGFFL,CAVSAKGTGSKLSF,CASSDAPGQLYF,TRUE
4mvb,Mouse,MHCI,QPAEGGFQL,CAVSAKGTGSKLSF,CASSDAPGQLYF,FALSE
4mxq,Mouse,MHCI,SPAPRPLDL,CAVSAKGTGSKLSF,CASSDAPGQLYF,FALSE
4n0c,Mouse,MHCI,MPAGRPWDL,CAVSAKGTGSKLSF,CASSDAPGQLYF,FALSE
4n5e,Mouse,MHCI,VPYMAEFGM,CAVSAKGTGSKLSF,CASSDAPGQLYF,TRUE
4ozf,Human,MHCII,APQPELPYPQPGS,CIAFQGAQKLVF,CASSFRALAADTQYF,TRUE
4ozg,Human,MHCII,APQPELPYPQPG,CIVLGGADGLTF,CASSFRFTDTQYF,TRUE
4ozh,Human,MHCII,APQPELPYPQPGS,CIVWGGATNKLIF,CASSVRSTDTQYF,TRUE
4ozi,Human,MHCII,QPFPQPELPYP,CLVGDGGSFSGGYNKLIF,CSAGVGGQETQYF,TRUE
4p23,Mouse,MHCII,FEAQKAKANKAVD,CAASKGADRLTF,CASGDFWGDTLYF,FALSE
4p2o,Mouse,MHCII,PADPLAFFSSAIKGGGGSLV,CAALRATGGNNKLTF,CASSLNWSQDTQYF,TRUE
4p2q,Mouse,MHCII,ADGLAYFRSSFKGG,CAAEASNTNKVVF,CASSLNNANSDYTF,TRUE
4p2r,Mouse,MHCII,ANGVAFFLTPFKA,CAAEASNTNKVVF,CASSLNNANSDYTF,TRUE
4p4k,Human,MHCII,QAFWIDLFETIG,CALSLYSGAGSYQLTF,CASSLAQGGETQYF,TRUE
4p5t,Mouse,MHCII,FEAQKAKANKAVD,CAASRDSGQKLVF,CASGDFWGDTLYF,TRUE
4prh,Human,MHCI,HPVGDADYFEY,CAVQDLGTSGSRLTF,CASSARSGELFF,FALSE
4pri,Human,MHCI,HPVGEADYFEY,CAVQDLGTSGSRLTF,CASSARSGELFF,FALSE
4prp,Human,MHCI,HPVGQADYFEY,CAVQDLGTSGSRLTF,CASSARSGELFF,FALSE
4qok,Human,MHCI,EAAGIGILTV,CAVNVAGKSTF,CAWSETGLGTGELFF,FALSE
4qrp,Human,MHCI,HSKKKCDEL,CALSDPVNDMRF,CASSLRGRGDQPQHF,TRUE
4qrr,Human,MHCI,IPSINVHHY,CALGELAGAGGTSYGKLTF,CASSLEGGYYNEQFF,TRUE
4wuu,Human,MHCI,RMFPNAPYL,CARVQYSGYYDWFDPW,CAAWDDSLNGWVF,TRUE
4y19,Human,MHCII,QPLALEGSLQKRG,CAASVYAGGTSYGKLTF,CASRPRRDNEQFF,TRUE
4y1a,Human,MHCII,LQPLALEGSLQKRG,CAASSSAGGTSYGKLTF,CASRPRDPVTQYF,TRUE
4z7u,Human,MHCII,APSGEGSFQPSQENPQ,CILRDRSNQFYF,CASSTTPGTGTETQYF,TRUE
4z7v,Human,MHCII,SGEGSFQPSQENP,CILRDSRAQKLVF,CASSAGTSGEYEQYF,TRUE
4z7w,Human,MHCII,PSGEGSFQPSQENPQ,CAVGETGANNLFF,CASSEARRYNEQFF,TRUE
5brz,Human,MHCI,EVDPIGHLY,CAVRPGGAGPFFVVF,CASSFNMATGQYF,TRUE
5bs0,Human,MHCI,ESDPIVAQY,CAVRPGGAGPFFVVF,CASSFNMATGQYF,FALSE
5c07,Human,MHCI,YQFGPDFPIA,CAMRGDSSYKLIF,CASSLWEKLAKNIQYF,TRUE
5c08,Human,MHCI,RQWGPDPAAV,CAMRGDSSYKLIF,CASSLWEKLAKNIQYF,FALSE
5c09,Human,MHCI,YLGGPDFPTI,CAMRGDSSYKLIF,CASSLWEKLAKNIQYF,FALSE
5c0a,Human,MHCI,MVWGPDPLYV,CAMRGDSSYKLIF,CASSLWEKLAKNIQYF,FALSE
5c0b,Human,MHCI,RQFGPDFPTI,CAMRGDSSYKLIF,CASSLWEKLAKNIQYF,FALSE
5c0c,Human,MHCI,RQFGPDWIVA,CAMRGDSSYKLIF,CASSLWEKLAKNIQYF,TRUE
5d2l,Human,MHCI,NLVPMVATV,CAFITGNQFYF,CASSQTQLWETQYF,TRUE
5d2n,Human,MHCI,NLVPMVATV,CILDNNNDMRF,CASSLAPGTTNEKLFF,TRUE
5e6i,Human,MHCI,GILGFVFTL,CAGPGGSSNTGKLIF,CASSLIYPGELFF,TRUE
5e9d,Human,MHCI,ELAGIGILTV,CAVTKYSWGKLQF,CASRPGWMAGGVELYF,TRUE
5eu6,Human,MHCI,YLEPGPVTV,CAVLSSGGSNYKLTF,CASSFIGGTDTQYF,TRUE
5euo,Human,MHCI,GILGFVFTL,CAGAIGPSNTGKLIF,CASSIRSSYEQYF,TRUE
5hhm,Human,MHCI,GILGLVFTL,CAGAGSQGNLIF,CASSSRSSYEQYF,FALSE
5hho,Human,MHCI,GILEFVFTL,CAGAGSQGNLIF,CASSIRSSYEQYF,FALSE
5hyj,Human,MHCI,AQWGPDPAAA,CAMRGDSSYKLIF,CASSLWEKLAKNIQYF,FALSE
5isz,Human,MHCI,GILGFVFTL,CAFDTNAGKSTF,CASSIFGQREQYF,TRUE
5ivx,Mouse,MHCI,RGPGRAFVTI,CAASASFGDNSKLIW,CASSLGHTEVFF,TRUE
5jhd,Human,MHCI,XGILGFVFTL,CAWGVNAGGTSYGKLTF,CASSIGVYGYTF,TRUE
5jzi,Human,MHCI,XKLVALGINAV,CAYGEDDKIIF,CASRRGPYEQYF,TRUE
5ks9,Human,MHCII,APSGEGSFQPSQENPQ,CAVALNNNAGNMLTF,CASSVAPGSDTQYF,TRUE
5ksa,Human,MHCII,QPQQSFPEQEA,CAVQFMDSNYQLIW,CASSVAGTPSYEQYF,TRUE
5ksb,Human,MHCII,GPQQSFPEQEA,CAVQASGGSYIPTF,CASSNRGLGTDTQYF,TRUE
5m00,Mouse,MHCI,KAVANFATM,CAALYGNEKITF,CASSDAGGRNTLYF,TRUE
5m01,Mouse,MHCI,KAPANFATM,CAALYGNEKITF,CASSDAGGRNTLYF,FALSE
5m02,Mouse,MHCI,KAPFNFATM,CAALYGNEKITF,CASSDAGGRNTLYF,FALSE
5men,Human,MHCI,ILAKFLHWL,CAVDSATSGTYKYIF,CASSYQGTEAFF,FALSE
5nht,Human,MHCI,ELAGIGILTV,CAVGGGADGLTF,CASSQGLAGAGELFF,TRUE
5nme,Human,MHCI,SLYNTVATL,CAVRTNSGYALNF,CASSDTVSYEQYF,TRUE
5nmf,Human,MHCI,SLYNTIATL,CAVRTNSGYALNF,CASSDTVSYEQYF,FALSE
5nmg,Human,MHCI,SLFNTIAVL,CAVRTNSGYALNF,CASSDTVSYEQYF,FALSE
5nqk,Human,MHCI,ELAGIGILTV,CAGGGGADGLTF,CASSQGLAGAGELFF,FALSE
5sws,Mouse,MHCI,ASNENMETM,CAASEGSGSWQLIF,CASSAGLDAEQYF,TRUE
5swz,Mouse,MHCI,ASNENMETM,CAASETSGSWQLIF,CASSRDLGRDTQYF,TRUE
5tez,Human,MHCI,GILGFVFTL,CAASFIIQGAQKLVF,CASSLLGGWSEAFF,TRUE
5til,Mouse,MHCI,KAPYNFATM,CAALYGNEKITF,CASSDAGGRNTLYF,FALSE
5tje,Mouse,MHCI,KAVYNFATM,CAALYGNEKITF,CASSDAGGRNTLYF,FALSE
5w1v,Human,MHCI,VMAPRTLIL,CAGQPLGGSNYKLTF,CASSANPGDSSNEKLFF,TRUE
5w1w,Human,MHCI,VMAPRTLVL,CAGQPLGGSNYKLTF,CASSANPGDSSNEKLFF,FALSE
5wkf,Human,MHCI,GTSGSPIVNR,CGLGDAGNMLTF,CASSLGQGLLYGYTF,TRUE
5wkh,Human,MHCI,GTSGSPIINR,CGLGDAGNMLTF,CASSLGQGLLYGYTF,FALSE
5wlg,Mouse,MHCI,SQLLNAKYL,CATVYAQGLTF,CASSDWGDTGQLYF,TRUE
5xot,Human,MHCI,IPLTEEAEL,CALGEGGAQKLVF,CASRTRGGTLIEQYF,TRUE
5xov,Human,MHCI,RYPLTFGWCF,CALGELARSGGYQKVTF,CAWSVSVGAGVPTIYF,FALSE
5yxn,Human,MHCI,KLVALGINAV,CAYGEDDKIIF,CASRRGPYEQYF,FALSE
5yxu,Human,MHCI,KLVALGINAV,CAYGEDDKIIF,CASRRGSAELYF,FALSE
6am5,Human,MHCI,SMLGIGIVPV,CAVNFGGGKLIF,CASSLSFGTEAFF,FALSE
6amu,Human,MHCI,MMWDRGLGMM,CAVNFGGGKLIF,CASSLSFGTEAFF,TRUE
6avf,Human,MHCI,APRGPHGGAASGL,CLVGEILDNFNKFYF,CASSQRQEGDTQYF,TRUE
6avg,Human,MHCI,APRGPHGGAASGL,CLVVDQKLVF,CASSGGHTGSNEQFF,TRUE
6bj2,Human,MHCI,IPLTEEAEL,CALSHNSGGSNYKLTF,CASSFRGGKTQYF,TRUE
6bj3,Human,MHCI,IPLTEEAEL,CALGEGGAQKLVF,CASRTRGGTLIEQYF,FALSE
6bj8,Human,MHCI,VPLTEDAEL,CALGEGGAQKLVF,CASRTRGGTLIEQYF,FALSE
6cql,Human,MHCII,RFYKTLRAEQASQ,CAFKAAGNKLTF,CASSRLAGGMDEQFF,TRUE
6cqn,Human,MHCII,RFYKTLRAEQASQ,CAFKAAGNKLTF,CASSGLAGGMDEQFF,FALSE
6cqq,Human,MHCII,RFYKTLRAEQASQ,CAFKAAGNKLTF,CASSRLAGGMDEQFF,FALSE
6cqr,Human,MHCII,RFYKTLRAEQASQ,CAFKAAGNKLTF,CASSRLAGGMDEQFF,FALSE
6d78,Human,MHCI,AAGIGILTV,CAVNFGGGKLIF,CASSWSFGTEAFF,FALSE
6dkp,Human,MHCI,ELAGIGILTV,CAVNFGGGKLIF,CASSWSFGTEAFF,FALSE
6eqa,Human,MHCI,AAGIGILTV,CAVNVAGKSTF,CAWSETGLGTGELFF,FALSE
6eqb,Human,MHCI,AAGIGILTV,CAVNDGGRLTF,CAWSETGLGMGGWQF,FALSE
6g9q,Mouse,MHCI,KAPYDYAPI,CAALYGNEKITF,CASSDAGGRNTLYF,FALSE
6l9l,Mouse,MHCI,SPSYAYHQF,CILQGTGSKLSF,CASSDGDYEQYF,TRUE
6mtm,Human,MHCI,FEDLRVLSF,CGTERSGGYQKVTF,CASSMSAMGTEAFF,TRUE
6p64,Human,MHCI,KQWLVWLFL,CAFMDSNYQLIW,CASSRTSPTDTQYF,TRUE
6px6,Human,MHCII,APFSEQEQPVLG,CAVHTGARLMF,CASSHGASTDTQYF,TRUE
6py2,Human,MHCII,APFSEQEQPVLG,CASPQGGSEKLVF,CASSSGGWGGGTEAFF,TRUE
6q3s,Human,MHCI,SLLMWITQV,CAVRPTSGGSYIPTF,CASSYVGNTGELFF,FALSE
6r2l,Human,MHCI,SLSKILDTV,CAVGGNDWNTDKLIF,CASSPLDVSISSYNEQFF,TRUE
6rp9,Human,MHCI,SLLMWITQV,CALTRGPGNQFYF,CASSSPGGVSTEAFF,TRUE
6rpa,Human,MHCI,SLLMWITQV,CAVRDINSGAGSYQLTF,CSVGGSGGADTQYF,TRUE
6rpb,Human,MHCI,SLLMWITQV,CAVKSGGSYIPTF,CASSYLNRDSALDF,TRUE
6rsy,Human,MHCI,RMFPNAPYL,CIGGGTTSGTYKYIF,CASSLGFGRDVMRF,TRUE
6tmo,Human,MHCI,EAAGIGILTV,CAVNDGGRLTF,CAWSETGLGMGGWQF,FALSE
6tro,Human,MHCI,GVYDGREHTV,CVVNHSGGSYIPTF,CASSFLMTSGDPYEQYF,TRUE
6u3n,Human,MHCII,APMPMPELPYP,CAVGAGSNYQLIW,CASSLEGQGASEQFF,TRUE
6u3o,Human,MHCII,AVVQSELPYPEGS,CIAFQGAQKLVF,CASSFRALAADTQYF,FALSE
6uk4,Human,MHCI,KQWLVWLFL,CAFMDSNYQLIW,CASSRTSPTDTQYF,FALSE
6ulr,Human,MHCI,GADGVGKSA,CLVGDMDQAGTALIF,CASSLGEGRVDGYTF,TRUE
6uon,Human,MHCI,GADGVGKSAL,CAAAMDSSYKLIF,CASSDPGTEAFF,TRUE
6v0y,Human,MHCII,GGYAPAKAAAT,CALSDSGSFNKLTF,CASSLDWGGQNTLYF,TRUE
6v13,Human,MHCII,GGYRAPAKAAAT,CALSPSNTNKVVF,CASSLDWGVNTLYF,TRUE
6v15,Human,MHCII,GGYAPAKAAAT,CALSPSNTNKVVF,CASSLDWGVNTLYF,FALSE
6v18,Human,MHCII,GGYRAPAKAAAT,CALSDSGSFNKLTF,CASSLDWGGQNTLYF,FALSE
6v19,Human,MHCII,GGYAPAKAAAT,CALSDSSSFSKLVF,CASSLDWASQNTLYF,FALSE
6v1a,Human,MHCII,GGYRAPAKAAAT,CALSDSSSFSKLVF,CASSLDWASQNTLYF,FALSE
6vm7,Human,MHCI,ITDQVPFSV,CAVNARRNTPLVF,CASSITLSSYNEQFF,TRUE
6vm8,Human,MHCI,IMDQVPFSV,CAVNARRNTPLVF,CASSITLSSYNEQFF,FALSE
6vma,Human,MHCI,ITDQVPFSV,CAVNALLGNQFYF,CASSMGGTYEQYF,TRUE
6vmc,Human,MHCI,ILDQVPFSV,CAVNALLGNQFYF,CASSMGGTYEQYF,FALSE
6vmx,Human,MHCI,RPPIFIRRL,CAFGSSNTGKLIF,CASSQDLFTGGYTF,TRUE
6vqo,Human,MHCI,HMTEVVRHC,CAMSGLKEDSSYKLIF,CASSIQQGADTQYF,TRUE
6vrm,Human,MHCI,HMTEVVRHC,CVVQPGGYQKVTF,CASSEGLWQVGDEQYF,TRUE
6vrn,Human,MHCI,HMTEVVRHC,CAFMGYSGAGSYQLTF,CAISELVTGDSPLHF,TRUE
7jwi,Mixed,MHCI,ASNENMETM,CAASETSGSWQLIF,CASSRDLGRDTQYF,FALSE
7jwj,Mouse,MHCI,ASNENMETM,CAAVTGNTGKLIF,CASSRGTIHSNTEVFF,TRUE
7n1e,Human,MHCI,RLQSLQTYV,CALSGFNNAGNMLTF,CASSLGGAGGADTQYF,TRUE
7n1f,Human,MHCI,YLQPRTFLL,CAVNRDDKIIF,CASSPDIEQYF,TRUE
7n6e,Human,MHCI,YLQPRTFLL,CVVNRNNDMRF,CAGQVTNTGELFF,TRUE
