pdb.id,rank,cdr3b,peptide,method,cdr3a,top.1,top.10,top.25,fail,not_supported
1ao7,21.875,CASRPGLAGGRPEQYF,LLFGYPVYV,TITAN,CAVTTDSWGKLQF,FALSE,FALSE,TRUE,FALSE,FALSE
1bd2,28.125,CASSYPGGGFYEQYF,LLFGYPVYV,TITAN,CAAMEGAQKLVF,FALSE,FALSE,FALSE,FALSE,FALSE
1d9k,42.96875,CASGGQGRAEQFF,GNSHRGAIEWEGIESG,TITAN,CAATGSFNKLTF,FALSE,FALSE,FALSE,FALSE,FALSE
1fo0,75,CTCSADRVGNTLYF,INFDFNTI,TITAN,CAMRGDYGGSGNKLIF,FALSE,FALSE,FALSE,TRUE,FALSE
1fyt,39.84375,CASSSTGLPYGYTF,PKYVKQNTLKLAT,TITAN,CAVSESPFGNEKLTF,FALSE,FALSE,FALSE,FALSE,FALSE
1g6r,24.21875,CASGGGGTLYF,SIYRYYGL,TITAN,CAVSGFASALTF,FALSE,FALSE,TRUE,FALSE,FALSE
1kj2,42.1875,CTCSAAPDWGASAETLYF,KVITFIDL,TITAN,CAARYQGGRALIF,FALSE,FALSE,FALSE,FALSE,FALSE
1lp9,23.4375,CASSDWVSYEQYF,ALWGFFPVL,TITAN,CALFLASSSFSKLVF,FALSE,FALSE,TRUE,FALSE,FALSE
1mi5,25,CASSLGQAYEQYF,FLRGRAYGL,TITAN,CILPLAGGTSYGKLTF,FALSE,FALSE,FALSE,FALSE,FALSE
1nam,71.09375,CTCSADRVGNTLYF,RGYVYQGL,TITAN,CAMRGDYGGSGNKLIF,FALSE,FALSE,FALSE,TRUE,FALSE
1oga,46.09375,CASSSRSSYEQYF,GILGFVFTL,TITAN,CAGAGSQGNLIF,FALSE,FALSE,FALSE,FALSE,FALSE
1u3h,16.40625,CASGDAGGGYEQYF,SRGGASQYRPSQ,TITAN,CAASANSGTYQRF,FALSE,FALSE,TRUE,FALSE,FALSE
1ymm,21.875,CSARDLTSGANNEQFF,ENPVVHFFKNIVTP,TITAN,CATDTTSGTYKYIF,FALSE,FALSE,TRUE,FALSE,FALSE
1zgl,49.21875,CASSLADRVNTEAFF,VHFFKNIVTPRTPG,TITAN,CALSGGDSSYKLIF,FALSE,FALSE,FALSE,FALSE,FALSE
2ak4,39.84375,CASPGLAGEYEQYF,LPEPLPQGQLTAY,TITAN,CALSGFYNTDKLIF,FALSE,FALSE,FALSE,FALSE,FALSE
2bnq,85.9375,CASSYVGNTGELFF,SLLMWITQV,TITAN,CAVRPTSGGSYIPTF,FALSE,FALSE,FALSE,TRUE,FALSE
2e7l,21.875,CASGGGGTLYF,QLSPFPFDL,TITAN,CAVSHQGRYLTF,FALSE,FALSE,TRUE,FALSE,FALSE
2esv,5.46875,CASSQDRDTQYF,VMAPRTLIL,TITAN,CIVVRSSNTGKLIF,FALSE,TRUE,TRUE,FALSE,FALSE
2iam,7.03125,CASTYHGTGYF,GELIGILNAAKVPAD,TITAN,CAALIQGAQKLVF,FALSE,TRUE,TRUE,FALSE,FALSE
2nx5,25,CATGTGDSNQPQHF,EPLPQGQLTAY,TITAN,CAVQASGGSYIPTF,FALSE,FALSE,FALSE,FALSE,FALSE
2ol3,58.59375,CTCSADRVGNTLYF,SQYYYNSL,TITAN,CAMRGDYGGSGNKLIF,FALSE,FALSE,FALSE,TRUE,FALSE
2pxy,28.125,CASGDASGAETLYF,RGGASQYRPSQ,TITAN,CALSENYGNEKITF,FALSE,FALSE,FALSE,FALSE,FALSE
2ypl,12.5,CASTGSYGYTF,KAFSPEVIPMF,TITAN,CAVSGGYQKVTF,FALSE,FALSE,TRUE,FALSE,FALSE
3c5z,7.8125,CASIDSSGNTLYF,FEAQKAKANKAVDG,TITAN,CALVISNTNKVVF,FALSE,TRUE,TRUE,FALSE,FALSE
3c60,17.1875,CASGDFWGDTLYF,FEAQKAKANKAVD,TITAN,CAANSGTYQRF,FALSE,FALSE,TRUE,FALSE,FALSE
3c6l,28.125,CASGDAWGYEQYF,FEAQKAKANKAV,TITAN,CAASDNRIFF,FALSE,FALSE,FALSE,FALSE,FALSE
3dxa,10.15625,CASRYRDDSYNEQFF,EENLLDFVRF,TITAN,CIVWGGYQKVTF,FALSE,FALSE,TRUE,FALSE,FALSE
3ffc,94.53125,CASSFTWTSGGATDTQYF,FLRGRAYGL,TITAN,CAMREDTGNQFYF,FALSE,FALSE,FALSE,TRUE,FALSE
3gsn,21.875,CASSPVTGGIYGYTF,NLVPMVATV,TITAN,CARNTGNQFYF,FALSE,FALSE,TRUE,FALSE,FALSE
3hg1,42.96875,CAWSETGLGTGELFF,ELAGIGILTV,TITAN,CAVNVAGKSTF,FALSE,FALSE,FALSE,FALSE,FALSE
3kpr,49.21875,CASSLGQAYEQYF,EEYLKAWTF,TITAN,CILPLAGGTSYGKLTF,FALSE,FALSE,FALSE,FALSE,FALSE
3mbe,57.03125,CASSWDRAGNTLYF,GAMKRHGLDNYRGYSLG,TITAN,CAAEDGGSGNKLIF,FALSE,FALSE,FALSE,TRUE,FALSE
3mv7,14.0625,CASSARSGELFF,HPVGEADYFEY,TITAN,CAVQDLGTSGSRLTF,FALSE,FALSE,TRUE,FALSE,FALSE
3nfj,7.03125,CAWSVSVGAGVPTIYF,RYPLTFGWCF,TITAN,CALGELARSGGYQKVTF,FALSE,TRUE,TRUE,FALSE,FALSE
3o4l,0.78125,CSARDGTGNGYTF,GLCTLVAML,TITAN,CAEDNNARLMF,TRUE,TRUE,TRUE,FALSE,FALSE
3o6f,7.8125,CSARGGSYNSPLHF,FSWGAEGQRPGF,TITAN,CTVYGGATNKLIF,FALSE,TRUE,TRUE,FALSE,FALSE
3pl6,57.03125,CATSALGDTQYF,NPVVHFFKNIVTPR,TITAN,CAASSFGNEKLTF,FALSE,FALSE,FALSE,TRUE,FALSE
3pqy,73.4375,CASSFGREQYF,SSLENFRAYV,TITAN,CILSGGSNYKLTF,FALSE,FALSE,FALSE,TRUE,FALSE
3pwp,51.5625,CASRPGLAGGRPEQYF,LGYGFVNYI,TITAN,CAVTTDSWGKLQF,FALSE,FALSE,FALSE,TRUE,FALSE
3qdg,76.5625,CASSLSFGTEAFF,ELAGIGILTV,TITAN,CAVNFGGGKLIF,FALSE,FALSE,FALSE,TRUE,FALSE
3qdm,92.1875,CAISEVGVGQPQHF,ELAGIGILTV,TITAN,CAGGTGNQFYF,FALSE,FALSE,FALSE,TRUE,FALSE
3qib,41.40625,CASSLNWSQDTQYF,ADLIAYLKQATKG,TITAN,CAALRATGGNNKLTF,FALSE,FALSE,FALSE,FALSE,FALSE
3qiu,77.34375,CASSLNNANSDYTF,ADLIAYLKQATKG,TITAN,CAAEPSSGQKLVF,FALSE,FALSE,FALSE,TRUE,FALSE
3rdt,17.1875,CASGDFWGDTLYF,FEAQKAKANKAVD,TITAN,CAASKGADRLTF,FALSE,FALSE,TRUE,FALSE,FALSE
3rgv,37.5,CASGDFWGDTLYF,WIYVYRPMGCGGS,TITAN,CAANSGTYQRF,FALSE,FALSE,FALSE,FALSE,FALSE
3sjv,23.4375,CASGQGNFDIQYF,FLRGRAYGL,TITAN,CVVRAGKLIF,FALSE,FALSE,TRUE,FALSE,FALSE
3tfk,91.40625,CASSDAPGQLYF,QLSDVPMDL,TITAN,CAVSAKGTGSKLSF,FALSE,FALSE,FALSE,TRUE,FALSE
3tjh,75,CASSDAPGQLYF,SPLDSLWWI,TITAN,CAVSAKGTGSKLSF,FALSE,FALSE,FALSE,TRUE,FALSE
3tpu,13.28125,CASSDAPGQLYF,FLSPFWFDI,TITAN,CAVSAKGTGSKLSF,FALSE,FALSE,TRUE,FALSE,FALSE
3uts,65.625,CASSLWEKLAKNIQYF,ALWGPDPAAA,TITAN,CAMRGDSSYKLIF,FALSE,FALSE,FALSE,TRUE,FALSE
3vxm,4.6875,CASSPTSGIYEQYF,RFPLTFGWCF,TITAN,CAVGAPSGAGSYQLTF,FALSE,TRUE,TRUE,FALSE,FALSE
3vxr,33.59375,CASSSWDTGELFF,RYPLTFGWCF,TITAN,CAVRMDSSYKLIF,FALSE,FALSE,FALSE,FALSE,FALSE
4e41,7.03125,CASSQIRETQYF,GELIGILNAAKVPAD,TITAN,CAVDRGSTLGRLYF,FALSE,TRUE,TRUE,FALSE,FALSE
4eup,2.34375,CASSFLGTGVEQYF,ALGIGILTV,TITAN,CAVSGGGADGLTF,FALSE,TRUE,TRUE,FALSE,FALSE
4ftv,27.34375,CASRPGLMSAQPEQYF,LLFGYPVYV,TITAN,CAVTTDSWGKLQF,FALSE,FALSE,FALSE,FALSE,FALSE
4g8g,4.6875,CASREGLGGTEAFF,KRWIILGLNK,TITAN,CAMRDLRDNFNKFYF,FALSE,TRUE,TRUE,FALSE,FALSE
4gg6,97.65625,CASSVAVSAGTYEQYF,SGEGSFQPSQENP,TITAN,CILRDGRGGADGLTF,FALSE,FALSE,FALSE,TRUE,FALSE
4grl,88.28125,CATSALGDTQYF,RLLMLFAKDVVSRN,TITAN,CAASSFGNEKLTF,FALSE,FALSE,FALSE,TRUE,FALSE
4h1l,10.15625,CASSLRDGYTGELFF,QHIRCNIPKRISA,TITAN,CAVGASGNTGKLIF,FALSE,FALSE,TRUE,FALSE,FALSE
4jfd,71.875,CAWSETGLGMGGWQF,ELAAIGILTV,TITAN,CAVNDGGRLTF,FALSE,FALSE,FALSE,TRUE,FALSE
4jry,75.78125,CASSRTGSTYEQYF,LPEPLPQGQLTAY,TITAN,CAVGGGSNYQLIW,FALSE,FALSE,FALSE,TRUE,FALSE
4may,49.21875,CATSALGDTQYF,QLVHFVRDFAQL,TITAN,CAASSFGNEKLTF,FALSE,FALSE,FALSE,FALSE,FALSE
4mji,45.3125,CASSLTGGGELFF,TAFTIPSI,TITAN,CATDDDSARQLTF,FALSE,FALSE,FALSE,FALSE,FALSE
4mnq,95.3125,CASSYQGTEAFF,ILAKFLHWL,TITAN,CAVDSATALPYGYIF,FALSE,FALSE,FALSE,TRUE,FALSE
4ms8,3.125,CASSDAPGQLYF,SPAEAGFFL,TITAN,CAVSAKGTGSKLSF,FALSE,TRUE,TRUE,FALSE,FALSE
4mxq,75,CASSDAPGQLYF,SPAPRPLDL,TITAN,CAVSAKGTGSKLSF,FALSE,FALSE,FALSE,TRUE,FALSE
4n5e,49.21875,CASSDAPGQLYF,VPYMAEFGM,TITAN,CAVSAKGTGSKLSF,FALSE,FALSE,FALSE,FALSE,FALSE
4ozf,1.5625,CASSFRALAADTQYF,APQPELPYPQPGS,TITAN,CIAFQGAQKLVF,FALSE,TRUE,TRUE,FALSE,FALSE
4ozg,5.46875,CASSFRFTDTQYF,APQPELPYPQPG,TITAN,CIVLGGADGLTF,FALSE,TRUE,TRUE,FALSE,FALSE
4ozh,1.5625,CASSVRSTDTQYF,APQPELPYPQPGS,TITAN,CIVWGGATNKLIF,FALSE,TRUE,TRUE,FALSE,FALSE
4ozi,29.6875,CSAGVGGQETQYF,QPFPQPELPYP,TITAN,CLVGDGGSFSGGYNKLIF,FALSE,FALSE,FALSE,FALSE,FALSE
4p2o,7.8125,CASSLNWSQDTQYF,PADPLAFFSSAIKGGGGSLV,TITAN,CAALRATGGNNKLTF,FALSE,TRUE,TRUE,FALSE,FALSE
4p2q,23.4375,CASSLNNANSDYTF,ADGLAYFRSSFKGG,TITAN,CAAEASNTNKVVF,FALSE,FALSE,TRUE,FALSE,FALSE
4p2r,25.78125,CASSLNNANSDYTF,ANGVAFFLTPFKA,TITAN,CAAEASNTNKVVF,FALSE,FALSE,FALSE,FALSE,FALSE
4p4k,46.875,CASSLAQGGETQYF,QAFWIDLFETIG,TITAN,CALSLYSGAGSYQLTF,FALSE,FALSE,FALSE,FALSE,FALSE
4p5t,17.1875,CASGDFWGDTLYF,FEAQKAKANKAVD,TITAN,CAASRDSGQKLVF,FALSE,FALSE,TRUE,FALSE,FALSE
4qrp,31.25,CASSLRGRGDQPQHF,HSKKKCDEL,TITAN,CALSDPVNDMRF,FALSE,FALSE,FALSE,FALSE,FALSE
4qrr,53.90625,CASSLEGGYYNEQFF,IPSINVHHY,TITAN,CALGELAGAGGTSYGKLTF,FALSE,FALSE,FALSE,TRUE,FALSE
4wuu,48.4375,CAAWDDSLNGWVF,RMFPNAPYL,TITAN,CARVQYSGYYDWFDPW,FALSE,FALSE,FALSE,FALSE,FALSE
4y19,1.5625,CASRPRRDNEQFF,QPLALEGSLQKRG,TITAN,CAASVYAGGTSYGKLTF,FALSE,TRUE,TRUE,FALSE,FALSE
4y1a,14.0625,CASRPRDPVTQYF,LQPLALEGSLQKRG,TITAN,CAASSSAGGTSYGKLTF,FALSE,FALSE,TRUE,FALSE,FALSE
4z7u,10.9375,CASSTTPGTGTETQYF,APSGEGSFQPSQENPQ,TITAN,CILRDRSNQFYF,FALSE,FALSE,TRUE,FALSE,FALSE
4z7v,99.21875,CASSAGTSGEYEQYF,SGEGSFQPSQENP,TITAN,CILRDSRAQKLVF,FALSE,FALSE,FALSE,TRUE,FALSE
4z7w,5.46875,CASSEARRYNEQFF,PSGEGSFQPSQENPQ,TITAN,CAVGETGANNLFF,FALSE,TRUE,TRUE,FALSE,FALSE
5brz,64.0625,CASSFNMATGQYF,EVDPIGHLY,TITAN,CAVRPGGAGPFFVVF,FALSE,FALSE,FALSE,TRUE,FALSE
5c07,44.53125,CASSLWEKLAKNIQYF,YQFGPDFPIA,TITAN,CAMRGDSSYKLIF,FALSE,FALSE,FALSE,FALSE,FALSE
5c0c,9.375,CASSLWEKLAKNIQYF,RQFGPDWIVA,TITAN,CAMRGDSSYKLIF,FALSE,TRUE,TRUE,FALSE,FALSE
5d2l,80.46875,CASSQTQLWETQYF,NLVPMVATV,TITAN,CAFITGNQFYF,FALSE,FALSE,FALSE,TRUE,FALSE
5d2n,25.78125,CASSLAPGTTNEKLFF,NLVPMVATV,TITAN,CILDNNNDMRF,FALSE,FALSE,FALSE,FALSE,FALSE
5e6i,83.59375,CASSLIYPGELFF,GILGFVFTL,TITAN,CAGPGGSSNTGKLIF,FALSE,FALSE,FALSE,TRUE,FALSE
5e9d,9.375,CASRPGWMAGGVELYF,ELAGIGILTV,TITAN,CAVTKYSWGKLQF,FALSE,TRUE,TRUE,FALSE,FALSE
5eu6,56.25,CASSFIGGTDTQYF,YLEPGPVTV,TITAN,CAVLSSGGSNYKLTF,FALSE,FALSE,FALSE,TRUE,FALSE
5euo,42.1875,CASSIRSSYEQYF,GILGFVFTL,TITAN,CAGAIGPSNTGKLIF,FALSE,FALSE,FALSE,FALSE,FALSE
5isz,39.0625,CASSIFGQREQYF,GILGFVFTL,TITAN,CAFDTNAGKSTF,FALSE,FALSE,FALSE,FALSE,FALSE
5ivx,50,CASSLGHTEVFF,RGPGRAFVTI,TITAN,CAASASFGDNSKLIW,FALSE,FALSE,FALSE,FALSE,FALSE
5jhd,28.125,CASSIGVYGYTF,GILGFVFTL,TITAN,CAWGVNAGGTSYGKLTF,FALSE,FALSE,FALSE,FALSE,FALSE
5jzi,7.03125,CASRRGPYEQYF,KLVALGINAV,TITAN,CAYGEDDKIIF,FALSE,TRUE,TRUE,FALSE,FALSE
5ks9,10.15625,CASSVAPGSDTQYF,APSGEGSFQPSQENPQ,TITAN,CAVALNNNAGNMLTF,FALSE,FALSE,TRUE,FALSE,FALSE
5ksa,84.375,CASSVAGTPSYEQYF,QPQQSFPEQEA,TITAN,CAVQFMDSNYQLIW,FALSE,FALSE,FALSE,TRUE,FALSE
5ksb,89.84375,CASSNRGLGTDTQYF,GPQQSFPEQEA,TITAN,CAVQASGGSYIPTF,FALSE,FALSE,FALSE,TRUE,FALSE
5m00,57.8125,CASSDAGGRNTLYF,KAVANFATM,TITAN,CAALYGNEKITF,FALSE,FALSE,FALSE,TRUE,FALSE
5nht,96.875,CASSQGLAGAGELFF,ELAGIGILTV,TITAN,CAVGGGADGLTF,FALSE,FALSE,FALSE,TRUE,FALSE
5nme,75.78125,CASSDTVSYEQYF,SLYNTVATL,TITAN,CAVRTNSGYALNF,FALSE,FALSE,FALSE,TRUE,FALSE
5sws,96.875,CASSAGLDAEQYF,ASNENMETM,TITAN,CAASEGSGSWQLIF,FALSE,FALSE,FALSE,TRUE,FALSE
5swz,99.21875,CASSRDLGRDTQYF,ASNENMETM,TITAN,CAASETSGSWQLIF,FALSE,FALSE,FALSE,TRUE,FALSE
5tez,42.96875,CASSLLGGWSEAFF,GILGFVFTL,TITAN,CAASFIIQGAQKLVF,FALSE,FALSE,FALSE,FALSE,FALSE
5w1v,30.46875,CASSANPGDSSNEKLFF,VMAPRTLIL,TITAN,CAGQPLGGSNYKLTF,FALSE,FALSE,FALSE,FALSE,FALSE
5wkf,22.65625,CASSLGQGLLYGYTF,GTSGSPIVNR,TITAN,CGLGDAGNMLTF,FALSE,FALSE,TRUE,FALSE,FALSE
5wlg,75.78125,CASSDWGDTGQLYF,SQLLNAKYL,TITAN,CATVYAQGLTF,FALSE,FALSE,FALSE,TRUE,FALSE
5xot,89.84375,CASRTRGGTLIEQYF,IPLTEEAEL,TITAN,CALGEGGAQKLVF,FALSE,FALSE,FALSE,TRUE,FALSE
6amu,96.09375,CASSLSFGTEAFF,MMWDRGLGMM,TITAN,CAVNFGGGKLIF,FALSE,FALSE,FALSE,TRUE,FALSE
6avf,6.25,CASSQRQEGDTQYF,APRGPHGGAASGL,TITAN,CLVGEILDNFNKFYF,FALSE,TRUE,TRUE,FALSE,FALSE
6avg,24.21875,CASSGGHTGSNEQFF,APRGPHGGAASGL,TITAN,CLVVDQKLVF,FALSE,FALSE,TRUE,FALSE,FALSE
6bj2,90.625,CASSFRGGKTQYF,IPLTEEAEL,TITAN,CALSHNSGGSNYKLTF,FALSE,FALSE,FALSE,TRUE,FALSE
6cql,27.34375,CASSRLAGGMDEQFF,RFYKTLRAEQASQ,TITAN,CAFKAAGNKLTF,FALSE,FALSE,FALSE,FALSE,FALSE
6g9q,25.78125,CASSDAGGRNTLYF,KAPYDYAPI,TITAN,CAALYGNEKITF,FALSE,FALSE,FALSE,FALSE,FALSE
6l9l,82.8125,CASSDGDYEQYF,SPSYAYHQF,TITAN,CILQGTGSKLSF,FALSE,FALSE,FALSE,TRUE,FALSE
6mtm,78.125,CASSMSAMGTEAFF,FEDLRVLSF,TITAN,CGTERSGGYQKVTF,FALSE,FALSE,FALSE,TRUE,FALSE
6p64,13.28125,CASSRTSPTDTQYF,KQWLVWLFL,TITAN,CAFMDSNYQLIW,FALSE,FALSE,TRUE,FALSE,FALSE
6px6,50,CASSHGASTDTQYF,APFSEQEQPVLG,TITAN,CAVHTGARLMF,FALSE,FALSE,FALSE,FALSE,FALSE
6py2,37.5,CASSSGGWGGGTEAFF,APFSEQEQPVLG,TITAN,CASPQGGSEKLVF,FALSE,FALSE,FALSE,FALSE,FALSE
6r2l,98.4375,CASSPLDVSISSYNEQFF,SLSKILDTV,TITAN,CAVGGNDWNTDKLIF,FALSE,FALSE,FALSE,TRUE,FALSE
6rp9,95.3125,CASSSPGGVSTEAFF,SLLMWITQV,TITAN,CALTRGPGNQFYF,FALSE,FALSE,FALSE,TRUE,FALSE
6rpa,78.90625,CSVGGSGGADTQYF,SLLMWITQV,TITAN,CAVRDINSGAGSYQLTF,FALSE,FALSE,FALSE,TRUE,FALSE
6rpb,59.375,CASSYLNRDSALDF,SLLMWITQV,TITAN,CAVKSGGSYIPTF,FALSE,FALSE,FALSE,TRUE,FALSE
6rsy,4.6875,CASSLGFGRDVMRF,RMFPNAPYL,TITAN,CIGGGTTSGTYKYIF,FALSE,TRUE,TRUE,FALSE,FALSE
6tro,73.4375,CASSFLMTSGDPYEQYF,GVYDGREHTV,TITAN,CVVNHSGGSYIPTF,FALSE,FALSE,FALSE,TRUE,FALSE
6u3n,82.8125,CASSLEGQGASEQFF,APMPMPELPYP,TITAN,CAVGAGSNYQLIW,FALSE,FALSE,FALSE,TRUE,FALSE
6ulr,21.09375,CASSLGEGRVDGYTF,GADGVGKSA,TITAN,CLVGDMDQAGTALIF,FALSE,FALSE,TRUE,FALSE,FALSE
6uon,16.40625,CASSDPGTEAFF,GADGVGKSAL,TITAN,CAAAMDSSYKLIF,FALSE,FALSE,TRUE,FALSE,FALSE
6v0y,1.5625,CASSLDWGGQNTLYF,GGYAPAKAAAT,TITAN,CALSDSGSFNKLTF,FALSE,TRUE,TRUE,FALSE,FALSE
6v13,21.09375,CASSLDWGVNTLYF,GGYRAPAKAAAT,TITAN,CALSPSNTNKVVF,FALSE,FALSE,TRUE,FALSE,FALSE
6vm7,58.59375,CASSITLSSYNEQFF,ITDQVPFSV,TITAN,CAVNARRNTPLVF,FALSE,FALSE,FALSE,TRUE,FALSE
6vma,73.4375,CASSMGGTYEQYF,ITDQVPFSV,TITAN,CAVNALLGNQFYF,FALSE,FALSE,FALSE,TRUE,FALSE
6vmx,81.25,CASSQDLFTGGYTF,RPPIFIRRL,TITAN,CAFGSSNTGKLIF,FALSE,FALSE,FALSE,TRUE,FALSE
6vqo,46.875,CASSIQQGADTQYF,HMTEVVRHC,TITAN,CAMSGLKEDSSYKLIF,FALSE,FALSE,FALSE,FALSE,FALSE
6vrm,31.25,CASSEGLWQVGDEQYF,HMTEVVRHC,TITAN,CVVQPGGYQKVTF,FALSE,FALSE,FALSE,FALSE,FALSE
6vrn,41.40625,CAISELVTGDSPLHF,HMTEVVRHC,TITAN,CAFMGYSGAGSYQLTF,FALSE,FALSE,FALSE,FALSE,FALSE
7jwj,97.65625,CASSRGTIHSNTEVFF,ASNENMETM,TITAN,CAAVTGNTGKLIF,FALSE,FALSE,FALSE,TRUE,FALSE
7n1e,95.3125,CASSLGGAGGADTQYF,RLQSLQTYV,TITAN,CALSGFNNAGNMLTF,FALSE,FALSE,FALSE,TRUE,FALSE
7n1f,28.90625,CASSPDIEQYF,YLQPRTFLL,TITAN,CAVNRDDKIIF,FALSE,FALSE,FALSE,FALSE,FALSE
7n6e,39.84375,CAGQVTNTGELFF,YLQPRTFLL,TITAN,CVVNRNNDMRF,FALSE,FALSE,FALSE,FALSE,FALSE
