pdb.id,peptide,cdr3a,cdr3b,method,rank,top.1,top.10,top.25,fail,not_supported
4p2q,ADGLAYFRSSFKGG,CAAEASNTNKVVF,CASSLNNANSDYTF,TCRex,No pred,FALSE,FALSE,FALSE,FALSE,TRUE
3qib,ADLIAYLKQATKG,CAALRATGGNNKLTF,CASSLNWSQDTQYF,TCRex,Out of top,FALSE,FALSE,FALSE,FALSE,TRUE
3qiu,ADLIAYLKQATKG,CAAEPSSGQKLVF,CASSLNNANSDYTF,TCRex,No pred,FALSE,FALSE,FALSE,FALSE,TRUE
4eup,ALGIGILTV,CAVSGGGADGLTF,CASSFLGTGVEQYF,TCRex,Out of top,FALSE,FALSE,FALSE,FALSE,TRUE
1lp9,ALWGFFPVL,CALFLASSSFSKLVF,CASSDWVSYEQYF,TCRex,Out of top,FALSE,FALSE,FALSE,FALSE,TRUE
3uts,ALWGPDPAAA,CAMRGDSSYKLIF,CASSLWEKLAKNIQYF,TCRex,Out of top,FALSE,FALSE,FALSE,FALSE,TRUE
4p2r,ANGVAFFLTPFKA,CAAEASNTNKVVF,CASSLNNANSDYTF,TCRex,No pred,FALSE,FALSE,FALSE,FALSE,TRUE
6px6,APFSEQEQPVLG,CAVHTGARLMF,CASSHGASTDTQYF,TCRex,Out of top,FALSE,FALSE,FALSE,FALSE,TRUE
6py2,APFSEQEQPVLG,CASPQGGSEKLVF,CASSSGGWGGGTEAFF,TCRex,Out of top,FALSE,FALSE,FALSE,FALSE,TRUE
6u3n,APMPMPELPYP,CAVGAGSNYQLIW,CASSLEGQGASEQFF,TCRex,Out of top,FALSE,FALSE,FALSE,FALSE,TRUE
4ozg,APQPELPYPQPG,CIVLGGADGLTF,CASSFRFTDTQYF,TCRex,No pred,FALSE,FALSE,FALSE,FALSE,TRUE
4ozh,APQPELPYPQPGS,CIVWGGATNKLIF,CASSVRSTDTQYF,TCRex,Out of top,FALSE,FALSE,FALSE,FALSE,TRUE
4ozf,APQPELPYPQPGS,CIAFQGAQKLVF,CASSFRALAADTQYF,TCRex,No pred,FALSE,FALSE,FALSE,FALSE,TRUE
6avg,APRGPHGGAASGL,CLVVDQKLVF,CASSGGHTGSNEQFF,TCRex,Out of top,FALSE,FALSE,FALSE,FALSE,TRUE
6avf,APRGPHGGAASGL,CLVGEILDNFNKFYF,CASSQRQEGDTQYF,TCRex,No pred,FALSE,FALSE,FALSE,FALSE,TRUE
4z7u,APSGEGSFQPSQENPQ,CILRDRSNQFYF,CASSTTPGTGTETQYF,TCRex,No pred,FALSE,FALSE,FALSE,FALSE,TRUE
5ks9,APSGEGSFQPSQENPQ,CAVALNNNAGNMLTF,CASSVAPGSDTQYF,TCRex,Out of top,FALSE,FALSE,FALSE,FALSE,TRUE
7jwj,ASNENMETM,CAAVTGNTGKLIF,CASSRGTIHSNTEVFF,TCRex,No pred,FALSE,FALSE,FALSE,FALSE,TRUE
5sws,ASNENMETM,CAASEGSGSWQLIF,CASSAGLDAEQYF,TCRex,Out of top,FALSE,FALSE,FALSE,FALSE,TRUE
5swz,ASNENMETM,CAASETSGSWQLIF,CASSRDLGRDTQYF,TCRex,Out of top,FALSE,FALSE,FALSE,FALSE,TRUE
3dxa,EENLLDFVRF,CIVWGGYQKVTF,CASRYRDDSYNEQFF,TCRex,Out of top,FALSE,FALSE,FALSE,FALSE,TRUE
3kpr,EEYLKAWTF,CILPLAGGTSYGKLTF,CASSLGQAYEQYF,TCRex,Out of top,FALSE,FALSE,FALSE,FALSE,TRUE
4jfd,ELAAIGILTV,CAVNDGGRLTF,CAWSETGLGMGGWQF,TCRex,Out of top,FALSE,FALSE,FALSE,FALSE,TRUE
5nht,ELAGIGILTV,CAVGGGADGLTF,CASSQGLAGAGELFF,TCRex,1,TRUE,TRUE,TRUE,FALSE,FALSE
3hg1,ELAGIGILTV,CAVNVAGKSTF,CAWSETGLGTGELFF,TCRex,1,TRUE,TRUE,TRUE,FALSE,FALSE
3qdm,ELAGIGILTV,CAGGTGNQFYF,CAISEVGVGQPQHF,TCRex,2,FALSE,TRUE,TRUE,FALSE,FALSE
5e9d,ELAGIGILTV,CAVTKYSWGKLQF,CASRPGWMAGGVELYF,TCRex,No pred,FALSE,FALSE,FALSE,TRUE,FALSE
3qdg,ELAGIGILTV,CAVNFGGGKLIF,CASSLSFGTEAFF,TCRex,1,TRUE,TRUE,TRUE,FALSE,FALSE
1ymm,ENPVVHFFKNIVTP,CATDTTSGTYKYIF,CSARDLTSGANNEQFF,TCRex,Out of top,FALSE,FALSE,FALSE,FALSE,TRUE
2nx5,EPLPQGQLTAY,CAVQASGGSYIPTF,CATGTGDSNQPQHF,TCRex,1,TRUE,TRUE,TRUE,FALSE,FALSE
5brz,EVDPIGHLY,CAVRPGGAGPFFVVF,CASSFNMATGQYF,TCRex,No pred,FALSE,FALSE,FALSE,FALSE,TRUE
3c6l,FEAQKAKANKAV,CAASDNRIFF,CASGDAWGYEQYF,TCRex,Out of top,FALSE,FALSE,FALSE,FALSE,TRUE
3rdt,FEAQKAKANKAVD,CAASKGADRLTF,CASGDFWGDTLYF,TCRex,Out of top,FALSE,FALSE,FALSE,FALSE,TRUE
3c60,FEAQKAKANKAVD,CAANSGTYQRF,CASGDFWGDTLYF,TCRex,Out of top,FALSE,FALSE,FALSE,FALSE,TRUE
4p5t,FEAQKAKANKAVD,CAASRDSGQKLVF,CASGDFWGDTLYF,TCRex,Out of top,FALSE,FALSE,FALSE,FALSE,TRUE
3c5z,FEAQKAKANKAVDG,CALVISNTNKVVF,CASIDSSGNTLYF,TCRex,Out of top,FALSE,FALSE,FALSE,FALSE,TRUE
6mtm,FEDLRVLSF,CGTERSGGYQKVTF,CASSMSAMGTEAFF,TCRex,Out of top,FALSE,FALSE,FALSE,FALSE,TRUE
1mi5,FLRGRAYGL,CILPLAGGTSYGKLTF,CASSLGQAYEQYF,TCRex,Out of top,FALSE,FALSE,FALSE,FALSE,TRUE
3ffc,FLRGRAYGL,CAMREDTGNQFYF,CASSFTWTSGGATDTQYF,TCRex,Out of top,FALSE,FALSE,FALSE,FALSE,TRUE
3sjv,FLRGRAYGL,CVVRAGKLIF,CASGQGNFDIQYF,TCRex,Out of top,FALSE,FALSE,FALSE,FALSE,TRUE
3tpu,FLSPFWFDI,CAVSAKGTGSKLSF,CASSDAPGQLYF,TCRex,Out of top,FALSE,FALSE,FALSE,FALSE,TRUE
3o6f,FSWGAEGQRPGF,CTVYGGATNKLIF,CSARGGSYNSPLHF,TCRex,No pred,FALSE,FALSE,FALSE,FALSE,TRUE
6ulr,GADGVGKSA,CLVGDMDQAGTALIF,CASSLGEGRVDGYTF,TCRex,No pred,FALSE,FALSE,FALSE,FALSE,TRUE
6uon,GADGVGKSAL,CAAAMDSSYKLIF,CASSDPGTEAFF,TCRex,Out of top,FALSE,FALSE,FALSE,FALSE,TRUE
3mbe,GAMKRHGLDNYRGYSLG,CAAEDGGSGNKLIF,CASSWDRAGNTLYF,TCRex,Out of top,FALSE,FALSE,FALSE,FALSE,TRUE
2iam,GELIGILNAAKVPAD,CAALIQGAQKLVF,CASTYHGTGYF,TCRex,No pred,FALSE,FALSE,FALSE,FALSE,TRUE
4e41,GELIGILNAAKVPAD,CAVDRGSTLGRLYF,CASSQIRETQYF,TCRex,No pred,FALSE,FALSE,FALSE,FALSE,TRUE
6v0y,GGYAPAKAAAT,CALSDSGSFNKLTF,CASSLDWGGQNTLYF,TCRex,Out of top,FALSE,FALSE,FALSE,FALSE,TRUE
6v13,GGYRAPAKAAAT,CALSPSNTNKVVF,CASSLDWGVNTLYF,TCRex,Out of top,FALSE,FALSE,FALSE,FALSE,TRUE
5jhd,GILGFVFTL,CAWGVNAGGTSYGKLTF,CASSIGVYGYTF,TCRex,Out of top,FALSE,FALSE,FALSE,TRUE,FALSE
5tez,GILGFVFTL,CAASFIIQGAQKLVF,CASSLLGGWSEAFF,TCRex,2,FALSE,TRUE,TRUE,FALSE,FALSE
5isz,GILGFVFTL,CAFDTNAGKSTF,CASSIFGQREQYF,TCRex,1,TRUE,TRUE,TRUE,FALSE,FALSE
1oga,GILGFVFTL,CAGAGSQGNLIF,CASSSRSSYEQYF,TCRex,1,TRUE,TRUE,TRUE,FALSE,FALSE
5e6i,GILGFVFTL,CAGPGGSSNTGKLIF,CASSLIYPGELFF,TCRex,1,TRUE,TRUE,TRUE,FALSE,FALSE
5euo,GILGFVFTL,CAGAIGPSNTGKLIF,CASSIRSSYEQYF,TCRex,1,TRUE,TRUE,TRUE,FALSE,FALSE
3o4l,GLCTLVAML,CAEDNNARLMF,CSARDGTGNGYTF,TCRex,1,TRUE,TRUE,TRUE,FALSE,FALSE
1d9k,GNSHRGAIEWEGIESG,CAATGSFNKLTF,CASGGQGRAEQFF,TCRex,Out of top,FALSE,FALSE,FALSE,FALSE,TRUE
5ksb,GPQQSFPEQEA,CAVQASGGSYIPTF,CASSNRGLGTDTQYF,TCRex,Out of top,FALSE,FALSE,FALSE,FALSE,TRUE
5wkf,GTSGSPIVNR,CGLGDAGNMLTF,CASSLGQGLLYGYTF,TCRex,1,TRUE,TRUE,TRUE,FALSE,FALSE
6tro,GVYDGREHTV,CVVNHSGGSYIPTF,CASSFLMTSGDPYEQYF,TCRex,Out of top,FALSE,FALSE,FALSE,FALSE,TRUE
6vqo,HMTEVVRHC,CAMSGLKEDSSYKLIF,CASSIQQGADTQYF,TCRex,Out of top,FALSE,FALSE,FALSE,FALSE,TRUE
6vrm,HMTEVVRHC,CVVQPGGYQKVTF,CASSEGLWQVGDEQYF,TCRex,Out of top,FALSE,FALSE,FALSE,FALSE,TRUE
6vrn,HMTEVVRHC,CAFMGYSGAGSYQLTF,CAISELVTGDSPLHF,TCRex,Out of top,FALSE,FALSE,FALSE,FALSE,TRUE
3mv7,HPVGEADYFEY,CAVQDLGTSGSRLTF,CASSARSGELFF,TCRex,1,TRUE,TRUE,TRUE,FALSE,FALSE
4qrp,HSKKKCDEL,CALSDPVNDMRF,CASSLRGRGDQPQHF,TCRex,1,TRUE,TRUE,TRUE,FALSE,FALSE
4mnq,ILAKFLHWL,CAVDSATALPYGYIF,CASSYQGTEAFF,TCRex,Out of top,FALSE,FALSE,FALSE,FALSE,TRUE
1fo0,INFDFNTI,CAMRGDYGGSGNKLIF,CTCSADRVGNTLYF,TCRex,No pred,FALSE,FALSE,FALSE,FALSE,TRUE
5xot,IPLTEEAEL,CALGEGGAQKLVF,CASRTRGGTLIEQYF,TCRex,No pred,FALSE,FALSE,FALSE,FALSE,TRUE
6bj2,IPLTEEAEL,CALSHNSGGSNYKLTF,CASSFRGGKTQYF,TCRex,No pred,FALSE,FALSE,FALSE,FALSE,TRUE
4qrr,IPSINVHHY,CALGELAGAGGTSYGKLTF,CASSLEGGYYNEQFF,TCRex,Out of top,FALSE,FALSE,FALSE,TRUE,FALSE
6vm7,ITDQVPFSV,CAVNARRNTPLVF,CASSITLSSYNEQFF,TCRex,Out of top,FALSE,FALSE,FALSE,FALSE,TRUE
6vma,ITDQVPFSV,CAVNALLGNQFYF,CASSMGGTYEQYF,TCRex,Out of top,FALSE,FALSE,FALSE,FALSE,TRUE
2ypl,KAFSPEVIPMF,CAVSGGYQKVTF,CASTGSYGYTF,TCRex,1,TRUE,TRUE,TRUE,FALSE,FALSE
6g9q,KAPYDYAPI,CAALYGNEKITF,CASSDAGGRNTLYF,TCRex,Out of top,FALSE,FALSE,FALSE,FALSE,TRUE
5m00,KAVANFATM,CAALYGNEKITF,CASSDAGGRNTLYF,TCRex,Out of top,FALSE,FALSE,FALSE,FALSE,TRUE
5jzi,KLVALGINAV,CAYGEDDKIIF,CASRRGPYEQYF,TCRex,Out of top,FALSE,FALSE,FALSE,TRUE,FALSE
6p64,KQWLVWLFL,CAFMDSNYQLIW,CASSRTSPTDTQYF,TCRex,Out of top,FALSE,FALSE,FALSE,FALSE,TRUE
4g8g,KRWIILGLNK,CAMRDLRDNFNKFYF,CASREGLGGTEAFF,TCRex,2,FALSE,TRUE,TRUE,FALSE,FALSE
1kj2,KVITFIDL,CAARYQGGRALIF,CTCSAAPDWGASAETLYF,TCRex,No pred,FALSE,FALSE,FALSE,FALSE,TRUE
3pwp,LGYGFVNYI,CAVTTDSWGKLQF,CASRPGLAGGRPEQYF,TCRex,No pred,FALSE,FALSE,FALSE,FALSE,TRUE
1ao7,LLFGYPVYV,CAVTTDSWGKLQF,CASRPGLAGGRPEQYF,TCRex,No pred,FALSE,FALSE,FALSE,FALSE,TRUE
1bd2,LLFGYPVYV,CAAMEGAQKLVF,CASSYPGGGFYEQYF,TCRex,No pred,FALSE,FALSE,FALSE,FALSE,TRUE
4ftv,LLFGYPVYV,CAVTTDSWGKLQF,CASRPGLMSAQPEQYF,TCRex,No pred,FALSE,FALSE,FALSE,FALSE,TRUE
2ak4,LPEPLPQGQLTAY,CALSGFYNTDKLIF,CASPGLAGEYEQYF,TCRex,No pred,FALSE,FALSE,FALSE,FALSE,TRUE
4jry,LPEPLPQGQLTAY,CAVGGGSNYQLIW,CASSRTGSTYEQYF,TCRex,No pred,FALSE,FALSE,FALSE,FALSE,TRUE
4y1a,LQPLALEGSLQKRG,CAASSSAGGTSYGKLTF,CASRPRDPVTQYF,TCRex,Out of top,FALSE,FALSE,FALSE,FALSE,TRUE
6amu,MMWDRGLGMM,CAVNFGGGKLIF,CASSLSFGTEAFF,TCRex,Out of top,FALSE,FALSE,FALSE,FALSE,TRUE
3gsn,NLVPMVATV,CARNTGNQFYF,CASSPVTGGIYGYTF,TCRex,1,TRUE,TRUE,TRUE,FALSE,FALSE
5d2n,NLVPMVATV,CILDNNNDMRF,CASSLAPGTTNEKLFF,TCRex,1,TRUE,TRUE,TRUE,FALSE,FALSE
5d2l,NLVPMVATV,CAFITGNQFYF,CASSQTQLWETQYF,TCRex,1,TRUE,TRUE,TRUE,FALSE,FALSE
3pl6,NPVVHFFKNIVTPR,CAASSFGNEKLTF,CATSALGDTQYF,TCRex,Out of top,FALSE,FALSE,FALSE,FALSE,TRUE
4p2o,PADPLAFFSSAIKGGGGSLV,CAALRATGGNNKLTF,CASSLNWSQDTQYF,TCRex,Out of top,FALSE,FALSE,FALSE,FALSE,TRUE
1fyt,PKYVKQNTLKLAT,CAVSESPFGNEKLTF,CASSSTGLPYGYTF,TCRex,1,TRUE,TRUE,TRUE,FALSE,FALSE
4z7w,PSGEGSFQPSQENPQ,CAVGETGANNLFF,CASSEARRYNEQFF,TCRex,Out of top,FALSE,FALSE,FALSE,FALSE,TRUE
4p4k,QAFWIDLFETIG,CALSLYSGAGSYQLTF,CASSLAQGGETQYF,TCRex,Out of top,FALSE,FALSE,FALSE,FALSE,TRUE
4h1l,QHIRCNIPKRISA,CAVGASGNTGKLIF,CASSLRDGYTGELFF,TCRex,Out of top,FALSE,FALSE,FALSE,FALSE,TRUE
3tfk,QLSDVPMDL,CAVSAKGTGSKLSF,CASSDAPGQLYF,TCRex,Out of top,FALSE,FALSE,FALSE,FALSE,TRUE
2e7l,QLSPFPFDL,CAVSHQGRYLTF,CASGGGGTLYF,TCRex,Out of top,FALSE,FALSE,FALSE,FALSE,TRUE
4may,QLVHFVRDFAQL,CAASSFGNEKLTF,CATSALGDTQYF,TCRex,Out of top,FALSE,FALSE,FALSE,FALSE,TRUE
4ozi,QPFPQPELPYP,CLVGDGGSFSGGYNKLIF,CSAGVGGQETQYF,TCRex,No pred,FALSE,FALSE,FALSE,FALSE,TRUE
4y19,QPLALEGSLQKRG,CAASVYAGGTSYGKLTF,CASRPRRDNEQFF,TCRex,Out of top,FALSE,FALSE,FALSE,FALSE,TRUE
5ksa,QPQQSFPEQEA,CAVQFMDSNYQLIW,CASSVAGTPSYEQYF,TCRex,Out of top,FALSE,FALSE,FALSE,FALSE,TRUE
3vxm,RFPLTFGWCF,CAVGAPSGAGSYQLTF,CASSPTSGIYEQYF,TCRex,Out of top,FALSE,FALSE,FALSE,FALSE,TRUE
6cql,RFYKTLRAEQASQ,CAFKAAGNKLTF,CASSRLAGGMDEQFF,TCRex,2,FALSE,TRUE,TRUE,FALSE,FALSE
2pxy,RGGASQYRPSQ,CALSENYGNEKITF,CASGDASGAETLYF,TCRex,Out of top,FALSE,FALSE,FALSE,FALSE,TRUE
5ivx,RGPGRAFVTI,CAASASFGDNSKLIW,CASSLGHTEVFF,TCRex,Out of top,FALSE,FALSE,FALSE,FALSE,TRUE
1nam,RGYVYQGL,CAMRGDYGGSGNKLIF,CTCSADRVGNTLYF,TCRex,No pred,FALSE,FALSE,FALSE,FALSE,TRUE
4grl,RLLMLFAKDVVSRN,CAASSFGNEKLTF,CATSALGDTQYF,TCRex,Out of top,FALSE,FALSE,FALSE,FALSE,TRUE
7n1e,RLQSLQTYV,CALSGFNNAGNMLTF,CASSLGGAGGADTQYF,TCRex,Out of top,FALSE,FALSE,FALSE,FALSE,TRUE
4wuu,RMFPNAPYL,CARVQYSGYYDWFDPW,CAAWDDSLNGWVF,TCRex,No pred,FALSE,FALSE,FALSE,FALSE,TRUE
6rsy,RMFPNAPYL,CIGGGTTSGTYKYIF,CASSLGFGRDVMRF,TCRex,Out of top,FALSE,FALSE,FALSE,FALSE,TRUE
6vmx,RPPIFIRRL,CAFGSSNTGKLIF,CASSQDLFTGGYTF,TCRex,Out of top,FALSE,FALSE,FALSE,FALSE,TRUE
5c0c,RQFGPDWIVA,CAMRGDSSYKLIF,CASSLWEKLAKNIQYF,TCRex,Out of top,FALSE,FALSE,FALSE,FALSE,TRUE
3vxr,RYPLTFGWCF,CAVRMDSSYKLIF,CASSSWDTGELFF,TCRex,2,FALSE,TRUE,TRUE,FALSE,FALSE
3nfj,RYPLTFGWCF,CALGELARSGGYQKVTF,CAWSVSVGAGVPTIYF,TCRex,No pred,FALSE,FALSE,FALSE,TRUE,FALSE
4gg6,SGEGSFQPSQENP,CILRDGRGGADGLTF,CASSVAVSAGTYEQYF,TCRex,No pred,FALSE,FALSE,FALSE,FALSE,TRUE
4z7v,SGEGSFQPSQENP,CILRDSRAQKLVF,CASSAGTSGEYEQYF,TCRex,Out of top,FALSE,FALSE,FALSE,FALSE,TRUE
1g6r,SIYRYYGL,CAVSGFASALTF,CASGGGGTLYF,TCRex,Out of top,FALSE,FALSE,FALSE,FALSE,TRUE
2bnq,SLLMWITQV,CAVRPTSGGSYIPTF,CASSYVGNTGELFF,TCRex,Out of top,FALSE,FALSE,FALSE,FALSE,TRUE
3gjf,SLLMWITQV,CAGELLPYYGMDVW,CWSFAGSYYVF,TCRex,No pred,FALSE,FALSE,FALSE,FALSE,TRUE
6rpa,SLLMWITQV,CAVRDINSGAGSYQLTF,CSVGGSGGADTQYF,TCRex,Out of top,FALSE,FALSE,FALSE,FALSE,TRUE
6rp9,SLLMWITQV,CALTRGPGNQFYF,CASSSPGGVSTEAFF,TCRex,Out of top,FALSE,FALSE,FALSE,FALSE,TRUE
6rpb,SLLMWITQV,CAVKSGGSYIPTF,CASSYLNRDSALDF,TCRex,No pred,FALSE,FALSE,FALSE,FALSE,TRUE
6r2l,SLSKILDTV,CAVGGNDWNTDKLIF,CASSPLDVSISSYNEQFF,TCRex,Out of top,FALSE,FALSE,FALSE,FALSE,TRUE
5nme,SLYNTVATL,CAVRTNSGYALNF,CASSDTVSYEQYF,TCRex,Out of top,FALSE,FALSE,FALSE,FALSE,TRUE
4ms8,SPAEAGFFL,CAVSAKGTGSKLSF,CASSDAPGQLYF,TCRex,Out of top,FALSE,FALSE,FALSE,FALSE,TRUE
4mxq,SPAPRPLDL,CAVSAKGTGSKLSF,CASSDAPGQLYF,TCRex,Out of top,FALSE,FALSE,FALSE,FALSE,TRUE
3tjh,SPLDSLWWI,CAVSAKGTGSKLSF,CASSDAPGQLYF,TCRex,Out of top,FALSE,FALSE,FALSE,FALSE,TRUE
6l9l,SPSYAYHQF,CILQGTGSKLSF,CASSDGDYEQYF,TCRex,Out of top,FALSE,FALSE,FALSE,FALSE,TRUE
5wlg,SQLLNAKYL,CATVYAQGLTF,CASSDWGDTGQLYF,TCRex,Out of top,FALSE,FALSE,FALSE,FALSE,TRUE
2ol3,SQYYYNSL,CAMRGDYGGSGNKLIF,CTCSADRVGNTLYF,TCRex,No pred,FALSE,FALSE,FALSE,FALSE,TRUE
1u3h,SRGGASQYRPSQ,CAASANSGTYQRF,CASGDAGGGYEQYF,TCRex,Out of top,FALSE,FALSE,FALSE,FALSE,TRUE
3pqy,SSLENFRAYV,CILSGGSNYKLTF,CASSFGREQYF,TCRex,No pred,FALSE,FALSE,FALSE,FALSE,TRUE
4mji,TAFTIPSI,CATDDDSARQLTF,CASSLTGGGELFF,TCRex,Out of top,FALSE,FALSE,FALSE,FALSE,TRUE
1zgl,VHFFKNIVTPRTPG,CALSGGDSSYKLIF,CASSLADRVNTEAFF,TCRex,No pred,FALSE,FALSE,FALSE,FALSE,TRUE
2esv,VMAPRTLIL,CIVVRSSNTGKLIF,CASSQDRDTQYF,TCRex,Out of top,FALSE,FALSE,FALSE,FALSE,TRUE
5w1v,VMAPRTLIL,CAGQPLGGSNYKLTF,CASSANPGDSSNEKLFF,TCRex,No pred,FALSE,FALSE,FALSE,FALSE,TRUE
4n5e,VPYMAEFGM,CAVSAKGTGSKLSF,CASSDAPGQLYF,TCRex,Out of top,FALSE,FALSE,FALSE,FALSE,TRUE
3rgv,WIYVYRPMGCGGS,CAANSGTYQRF,CASGDFWGDTLYF,TCRex,Out of top,FALSE,FALSE,FALSE,FALSE,TRUE
5eu6,YLEPGPVTV,CAVLSSGGSNYKLTF,CASSFIGGTDTQYF,TCRex,Out of top,FALSE,FALSE,FALSE,FALSE,TRUE
7n1f,YLQPRTFLL,CAVNRDDKIIF,CASSPDIEQYF,TCRex,1,TRUE,TRUE,TRUE,FALSE,FALSE
7n6e,YLQPRTFLL,CVVNRNNDMRF,CAGQVTNTGELFF,TCRex,1,TRUE,TRUE,TRUE,FALSE,FALSE
5c07,YQFGPDFPIA,CAMRGDSSYKLIF,CASSLWEKLAKNIQYF,TCRex,Out of top,FALSE,FALSE,FALSE,FALSE,TRUE
