pdb.id,peptide,cdr3b,rank,cdr3a,method,top.1,top.10,top.25,fail,not_supported
1ao7,LLFGYPVYV,CASRPGLAGGRPEQYF,0.0999000999000999,CAVTTDSWGKLQF,ImRex,TRUE,TRUE,TRUE,FALSE,FALSE
1bd2,LLFGYPVYV,CASSYPGGGFYEQYF,4.5954045954046,CAAMEGAQKLVF,ImRex,FALSE,TRUE,TRUE,FALSE,FALSE
1d9k,GNSHRGAIEWEGIESG,CASGGQGRAEQFF,,CAATGSFNKLTF,ImRex,,,,,TRUE
1fo0,INFDFNTI,CTCSADRVGNTLYF,69.6303696303696,CAMRGDYGGSGNKLIF,ImRex,FALSE,FALSE,FALSE,TRUE,FALSE
1fyt,PKYVKQNTLKLAT,CASSSTGLPYGYTF,,CAVSESPFGNEKLTF,ImRex,,,,,TRUE
1g6r,SIYRYYGL,CASGGGGTLYF,72.4275724275724,CAVSGFASALTF,ImRex,FALSE,FALSE,FALSE,TRUE,FALSE
1kj2,KVITFIDL,CTCSAAPDWGASAETLYF,50.7492507492508,CAARYQGGRALIF,ImRex,FALSE,FALSE,FALSE,TRUE,FALSE
1lp9,ALWGFFPVL,CASSDWVSYEQYF,81.6183816183816,CALFLASSSFSKLVF,ImRex,FALSE,FALSE,FALSE,TRUE,FALSE
1mi5,FLRGRAYGL,CASSLGQAYEQYF,0.0999000999000999,CILPLAGGTSYGKLTF,ImRex,TRUE,TRUE,TRUE,FALSE,FALSE
1nam,RGYVYQGL,CTCSADRVGNTLYF,12.4875124875125,CAMRGDYGGSGNKLIF,ImRex,FALSE,FALSE,TRUE,FALSE,FALSE
1oga,GILGFVFTL,CASSSRSSYEQYF,0.1998001998002,CAGAGSQGNLIF,ImRex,TRUE,TRUE,TRUE,FALSE,FALSE
1u3h,SRGGASQYRPSQ,CASGDAGGGYEQYF,,CAASANSGTYQRF,ImRex,,,,,TRUE
1ymm,ENPVVHFFKNIVTP,CSARDLTSGANNEQFF,,CATDTTSGTYKYIF,ImRex,,,,,TRUE
1zgl,VHFFKNIVTPRTPG,CASSLADRVNTEAFF,,CALSGGDSSYKLIF,ImRex,,,,,TRUE
2ak4,LPEPLPQGQLTAY,CASPGLAGEYEQYF,,CALSGFYNTDKLIF,ImRex,,,,,TRUE
2bnq,SLLMWITQV,CASSYVGNTGELFF,4.6953046953047,CAVRPTSGGSYIPTF,ImRex,FALSE,TRUE,TRUE,FALSE,FALSE
2e7l,QLSPFPFDL,CASGGGGTLYF,5.0949050949051,CAVSHQGRYLTF,ImRex,FALSE,TRUE,TRUE,FALSE,FALSE
2esv,VMAPRTLIL,CASSQDRDTQYF,22.4775224775225,CIVVRSSNTGKLIF,ImRex,FALSE,FALSE,TRUE,FALSE,FALSE
2iam,GELIGILNAAKVPAD,CASTYHGTGYF,,CAALIQGAQKLVF,ImRex,,,,,TRUE
2nx5,EPLPQGQLTAY,CATGTGDSNQPQHF,0.0999000999000999,CAVQASGGSYIPTF,ImRex,TRUE,TRUE,TRUE,FALSE,FALSE
2ol3,SQYYYNSL,CTCSADRVGNTLYF,34.7652347652348,CAMRGDYGGSGNKLIF,ImRex,FALSE,FALSE,FALSE,FALSE,FALSE
2pxy,RGGASQYRPSQ,CASGDASGAETLYF,69.030969030969,CALSENYGNEKITF,ImRex,FALSE,FALSE,FALSE,TRUE,FALSE
2ypl,KAFSPEVIPMF,CASTGSYGYTF,0.0999000999000999,CAVSGGYQKVTF,ImRex,TRUE,TRUE,TRUE,FALSE,FALSE
3c5z,FEAQKAKANKAVDG,CASIDSSGNTLYF,,CALVISNTNKVVF,ImRex,,,,,TRUE
3c60,FEAQKAKANKAVD,CASGDFWGDTLYF,,CAANSGTYQRF,ImRex,,,,,TRUE
3c6l,FEAQKAKANKAV,CASGDAWGYEQYF,,CAASDNRIFF,ImRex,,,,,TRUE
3dxa,EENLLDFVRF,CASRYRDDSYNEQFF,8.99100899100899,CIVWGGYQKVTF,ImRex,FALSE,TRUE,TRUE,FALSE,FALSE
3ffc,FLRGRAYGL,CASSFTWTSGGATDTQYF,49.2507492507493,CAMREDTGNQFYF,ImRex,FALSE,FALSE,FALSE,FALSE,FALSE
3gjf,SLLMWITQV,CWSFAGSYYVF,65.2347652347652,CAGELLPYYGMDVW,ImRex,FALSE,FALSE,FALSE,TRUE,FALSE
3gsn,NLVPMVATV,CASSPVTGGIYGYTF,12.3876123876124,CARNTGNQFYF,ImRex,FALSE,FALSE,TRUE,FALSE,FALSE
3hg1,ELAGIGILTV,CAWSETGLGTGELFF,21.5784215784216,CAVNVAGKSTF,ImRex,FALSE,FALSE,TRUE,FALSE,FALSE
3kpr,EEYLKAWTF,CASSLGQAYEQYF,2.3976023976024,CILPLAGGTSYGKLTF,ImRex,FALSE,TRUE,TRUE,FALSE,FALSE
3mbe,GAMKRHGLDNYRGYSLG,CASSWDRAGNTLYF,,CAAEDGGSGNKLIF,ImRex,,,,,TRUE
3mv7,HPVGEADYFEY,CASSARSGELFF,0.0999000999000999,CAVQDLGTSGSRLTF,ImRex,TRUE,TRUE,TRUE,FALSE,FALSE
3nfj,RYPLTFGWCF,CAWSVSVGAGVPTIYF,96.8031968031968,CALGELARSGGYQKVTF,ImRex,FALSE,FALSE,FALSE,TRUE,FALSE
3o4l,GLCTLVAML,CSARDGTGNGYTF,0.899100899100899,CAEDNNARLMF,ImRex,TRUE,TRUE,TRUE,FALSE,FALSE
3o6f,FSWGAEGQRPGF,CSARGGSYNSPLHF,,CTVYGGATNKLIF,ImRex,,,,,TRUE
3pl6,NPVVHFFKNIVTPR,CATSALGDTQYF,,CAASSFGNEKLTF,ImRex,,,,,TRUE
3pqy,SSLENFRAYV,CASSFGREQYF,37.962037962038,CILSGGSNYKLTF,ImRex,FALSE,FALSE,FALSE,FALSE,FALSE
3pwp,LGYGFVNYI,CASRPGLAGGRPEQYF,0.2997002997003,CAVTTDSWGKLQF,ImRex,TRUE,TRUE,TRUE,FALSE,FALSE
3qdg,ELAGIGILTV,CASSLSFGTEAFF,12.0879120879121,CAVNFGGGKLIF,ImRex,FALSE,FALSE,TRUE,FALSE,FALSE
3qdm,ELAGIGILTV,CAISEVGVGQPQHF,4.6953046953047,CAGGTGNQFYF,ImRex,FALSE,TRUE,TRUE,FALSE,FALSE
3qib,ADLIAYLKQATKG,CASSLNWSQDTQYF,,CAALRATGGNNKLTF,ImRex,,,,,TRUE
3qiu,ADLIAYLKQATKG,CASSLNNANSDYTF,,CAAEPSSGQKLVF,ImRex,,,,,TRUE
3rdt,FEAQKAKANKAVD,CASGDFWGDTLYF,,CAASKGADRLTF,ImRex,,,,,TRUE
3rgv,WIYVYRPMGCGGS,CASGDFWGDTLYF,,CAANSGTYQRF,ImRex,,,,,TRUE
3sjv,FLRGRAYGL,CASGQGNFDIQYF,0.0999000999000999,CVVRAGKLIF,ImRex,TRUE,TRUE,TRUE,FALSE,FALSE
3tfk,QLSDVPMDL,CASSDAPGQLYF,52.9470529470529,CAVSAKGTGSKLSF,ImRex,FALSE,FALSE,FALSE,TRUE,FALSE
3tjh,SPLDSLWWI,CASSDAPGQLYF,48.3516483516484,CAVSAKGTGSKLSF,ImRex,FALSE,FALSE,FALSE,FALSE,FALSE
3tpu,FLSPFWFDI,CASSDAPGQLYF,73.3266733266733,CAVSAKGTGSKLSF,ImRex,FALSE,FALSE,FALSE,TRUE,FALSE
3uts,ALWGPDPAAA,CASSLWEKLAKNIQYF,6.69330669330669,CAMRGDSSYKLIF,ImRex,FALSE,TRUE,TRUE,FALSE,FALSE
3vxm,RFPLTFGWCF,CASSPTSGIYEQYF,3.1968031968032,CAVGAPSGAGSYQLTF,ImRex,FALSE,TRUE,TRUE,FALSE,FALSE
3vxr,RYPLTFGWCF,CASSSWDTGELFF,0.0999000999000999,CAVRMDSSYKLIF,ImRex,TRUE,TRUE,TRUE,FALSE,FALSE
4e41,GELIGILNAAKVPAD,CASSQIRETQYF,,CAVDRGSTLGRLYF,ImRex,,,,,TRUE
4eup,ALGIGILTV,CASSFLGTGVEQYF,6.99300699300699,CAVSGGGADGLTF,ImRex,FALSE,TRUE,TRUE,FALSE,FALSE
4ftv,LLFGYPVYV,CASRPGLMSAQPEQYF,3.1968031968032,CAVTTDSWGKLQF,ImRex,FALSE,TRUE,TRUE,FALSE,FALSE
4g8g,KRWIILGLNK,CASREGLGGTEAFF,2.8971028971029,CAMRDLRDNFNKFYF,ImRex,FALSE,TRUE,TRUE,FALSE,FALSE
4gg6,SGEGSFQPSQENP,CASSVAVSAGTYEQYF,,CILRDGRGGADGLTF,ImRex,,,,,TRUE
4grl,RLLMLFAKDVVSRN,CATSALGDTQYF,,CAASSFGNEKLTF,ImRex,,,,,TRUE
4h1l,QHIRCNIPKRISA,CASSLRDGYTGELFF,,CAVGASGNTGKLIF,ImRex,,,,,TRUE
4jfd,ELAAIGILTV,CAWSETGLGMGGWQF,11.7882117882118,CAVNDGGRLTF,ImRex,FALSE,FALSE,TRUE,FALSE,FALSE
4jry,LPEPLPQGQLTAY,CASSRTGSTYEQYF,,CAVGGGSNYQLIW,ImRex,,,,,TRUE
4may,QLVHFVRDFAQL,CATSALGDTQYF,,CAASSFGNEKLTF,ImRex,,,,,TRUE
4mji,TAFTIPSI,CASSLTGGGELFF,1.1988011988012,CATDDDSARQLTF,ImRex,FALSE,TRUE,TRUE,FALSE,FALSE
4mnq,ILAKFLHWL,CASSYQGTEAFF,0.1998001998002,CAVDSATALPYGYIF,ImRex,TRUE,TRUE,TRUE,FALSE,FALSE
4ms8,SPAEAGFFL,CASSDAPGQLYF,48.6513486513487,CAVSAKGTGSKLSF,ImRex,FALSE,FALSE,FALSE,FALSE,FALSE
4mxq,SPAPRPLDL,CASSDAPGQLYF,0.999000999000999,CAVSAKGTGSKLSF,ImRex,TRUE,TRUE,TRUE,FALSE,FALSE
4n5e,VPYMAEFGM,CASSDAPGQLYF,51.8481518481519,CAVSAKGTGSKLSF,ImRex,FALSE,FALSE,FALSE,TRUE,FALSE
4ozf,APQPELPYPQPGS,CASSFRALAADTQYF,,CIAFQGAQKLVF,ImRex,,,,,TRUE
4ozg,APQPELPYPQPG,CASSFRFTDTQYF,,CIVLGGADGLTF,ImRex,,,,,TRUE
4ozh,APQPELPYPQPGS,CASSVRSTDTQYF,,CIVWGGATNKLIF,ImRex,,,,,TRUE
4ozi,QPFPQPELPYP,CSAGVGGQETQYF,95.1048951048951,CLVGDGGSFSGGYNKLIF,ImRex,FALSE,FALSE,FALSE,TRUE,FALSE
4p2o,PADPLAFFSSAIKGGGGSLV,CASSLNWSQDTQYF,,CAALRATGGNNKLTF,ImRex,,,,,TRUE
4p2q,ADGLAYFRSSFKGG,CASSLNNANSDYTF,,CAAEASNTNKVVF,ImRex,,,,,TRUE
4p2r,ANGVAFFLTPFKA,CASSLNNANSDYTF,,CAAEASNTNKVVF,ImRex,,,,,TRUE
4p4k,QAFWIDLFETIG,CASSLAQGGETQYF,,CALSLYSGAGSYQLTF,ImRex,,,,,TRUE
4p5t,FEAQKAKANKAVD,CASGDFWGDTLYF,,CAASRDSGQKLVF,ImRex,,,,,TRUE
4qrp,HSKKKCDEL,CASSLRGRGDQPQHF,20.5794205794206,CALSDPVNDMRF,ImRex,FALSE,FALSE,TRUE,FALSE,FALSE
4qrr,IPSINVHHY,CASSLEGGYYNEQFF,83.7162837162837,CALGELAGAGGTSYGKLTF,ImRex,FALSE,FALSE,FALSE,TRUE,FALSE
4wuu,RMFPNAPYL,CAAWDDSLNGWVF,43.956043956044,CARVQYSGYYDWFDPW,ImRex,FALSE,FALSE,FALSE,FALSE,FALSE
4y19,QPLALEGSLQKRG,CASRPRRDNEQFF,,CAASVYAGGTSYGKLTF,ImRex,,,,,TRUE
4y1a,LQPLALEGSLQKRG,CASRPRDPVTQYF,,CAASSSAGGTSYGKLTF,ImRex,,,,,TRUE
4z7u,APSGEGSFQPSQENPQ,CASSTTPGTGTETQYF,,CILRDRSNQFYF,ImRex,,,,,TRUE
4z7v,SGEGSFQPSQENP,CASSAGTSGEYEQYF,,CILRDSRAQKLVF,ImRex,,,,,TRUE
4z7w,PSGEGSFQPSQENPQ,CASSEARRYNEQFF,,CAVGETGANNLFF,ImRex,,,,,TRUE
5brz,EVDPIGHLY,CASSFNMATGQYF,24.3756243756244,CAVRPGGAGPFFVVF,ImRex,FALSE,FALSE,TRUE,FALSE,FALSE
5c07,YQFGPDFPIA,CASSLWEKLAKNIQYF,21.3786213786214,CAMRGDSSYKLIF,ImRex,FALSE,FALSE,TRUE,FALSE,FALSE
5c0c,RQFGPDWIVA,CASSLWEKLAKNIQYF,35.0649350649351,CAMRGDSSYKLIF,ImRex,FALSE,FALSE,FALSE,FALSE,FALSE
5d2l,NLVPMVATV,CASSQTQLWETQYF,4.2957042957043,CAFITGNQFYF,ImRex,FALSE,TRUE,TRUE,FALSE,FALSE
5d2n,NLVPMVATV,CASSLAPGTTNEKLFF,12.3876123876124,CILDNNNDMRF,ImRex,FALSE,FALSE,TRUE,FALSE,FALSE
5e6i,GILGFVFTL,CASSLIYPGELFF,1.998001998002,CAGPGGSSNTGKLIF,ImRex,FALSE,TRUE,TRUE,FALSE,FALSE
5e9d,ELAGIGILTV,CASRPGWMAGGVELYF,68.2317682317682,CAVTKYSWGKLQF,ImRex,FALSE,FALSE,FALSE,TRUE,FALSE
5eu6,YLEPGPVTV,CASSFIGGTDTQYF,12.3876123876124,CAVLSSGGSNYKLTF,ImRex,FALSE,FALSE,TRUE,FALSE,FALSE
5euo,GILGFVFTL,CASSIRSSYEQYF,0.0999000999000999,CAGAIGPSNTGKLIF,ImRex,TRUE,TRUE,TRUE,FALSE,FALSE
5isz,GILGFVFTL,CASSIFGQREQYF,0.0999000999000999,CAFDTNAGKSTF,ImRex,TRUE,TRUE,TRUE,FALSE,FALSE
5ivx,RGPGRAFVTI,CASSLGHTEVFF,45.1548451548452,CAASASFGDNSKLIW,ImRex,FALSE,FALSE,FALSE,FALSE,FALSE
5jhd,GILGFVFTL,CASSIGVYGYTF,,CAWGVNAGGTSYGKLTF,ImRex,,,,,TRUE
5jzi,KLVALGINAV,CASRRGPYEQYF,,CAYGEDDKIIF,ImRex,,,,,TRUE
5ks9,APSGEGSFQPSQENPQ,CASSVAPGSDTQYF,,CAVALNNNAGNMLTF,ImRex,,,,,TRUE
5ksa,QPQQSFPEQEA,CASSVAGTPSYEQYF,80.4195804195804,CAVQFMDSNYQLIW,ImRex,FALSE,FALSE,FALSE,TRUE,FALSE
5ksb,GPQQSFPEQEA,CASSNRGLGTDTQYF,24.5754245754246,CAVQASGGSYIPTF,ImRex,FALSE,FALSE,TRUE,FALSE,FALSE
5m00,KAVANFATM,CASSDAGGRNTLYF,48.4515484515485,CAALYGNEKITF,ImRex,FALSE,FALSE,FALSE,FALSE,FALSE
5nht,ELAGIGILTV,CASSQGLAGAGELFF,60.7392607392607,CAVGGGADGLTF,ImRex,FALSE,FALSE,FALSE,TRUE,FALSE
5nme,SLYNTVATL,CASSDTVSYEQYF,3.996003996004,CAVRTNSGYALNF,ImRex,FALSE,TRUE,TRUE,FALSE,FALSE
5sws,ASNENMETM,CASSAGLDAEQYF,45.954045954046,CAASEGSGSWQLIF,ImRex,FALSE,FALSE,FALSE,FALSE,FALSE
5swz,ASNENMETM,CASSRDLGRDTQYF,10.4895104895105,CAASETSGSWQLIF,ImRex,FALSE,FALSE,TRUE,FALSE,FALSE
5tez,GILGFVFTL,CASSLLGGWSEAFF,51.3486513486514,CAASFIIQGAQKLVF,ImRex,FALSE,FALSE,FALSE,TRUE,FALSE
5w1v,VMAPRTLIL,CASSANPGDSSNEKLFF,49.0509490509491,CAGQPLGGSNYKLTF,ImRex,FALSE,FALSE,FALSE,FALSE,FALSE
5wkf,GTSGSPIVNR,CASSLGQGLLYGYTF,7.59240759240759,CGLGDAGNMLTF,ImRex,FALSE,TRUE,TRUE,FALSE,FALSE
5wlg,SQLLNAKYL,CASSDWGDTGQLYF,60.6393606393606,CATVYAQGLTF,ImRex,FALSE,FALSE,FALSE,TRUE,FALSE
5xot,IPLTEEAEL,CASRTRGGTLIEQYF,28.5714285714286,CALGEGGAQKLVF,ImRex,FALSE,FALSE,FALSE,FALSE,FALSE
6amu,MMWDRGLGMM,CASSLSFGTEAFF,53.3466533466534,CAVNFGGGKLIF,ImRex,FALSE,FALSE,FALSE,TRUE,FALSE
6avf,APRGPHGGAASGL,CASSQRQEGDTQYF,,CLVGEILDNFNKFYF,ImRex,,,,,TRUE
6avg,APRGPHGGAASGL,CASSGGHTGSNEQFF,,CLVVDQKLVF,ImRex,,,,,TRUE
6bj2,IPLTEEAEL,CASSFRGGKTQYF,3.5964035964036,CALSHNSGGSNYKLTF,ImRex,FALSE,TRUE,TRUE,FALSE,FALSE
6cql,RFYKTLRAEQASQ,CASSRLAGGMDEQFF,,CAFKAAGNKLTF,ImRex,,,,,TRUE
6g9q,KAPYDYAPI,CASSDAGGRNTLYF,64.4355644355645,CAALYGNEKITF,ImRex,FALSE,FALSE,FALSE,TRUE,FALSE
6l9l,SPSYAYHQF,CASSDGDYEQYF,81.018981018981,CILQGTGSKLSF,ImRex,FALSE,FALSE,FALSE,TRUE,FALSE
6mtm,FEDLRVLSF,CASSMSAMGTEAFF,77.3226773226773,CGTERSGGYQKVTF,ImRex,FALSE,FALSE,FALSE,TRUE,FALSE
6p64,KQWLVWLFL,CASSRTSPTDTQYF,46.2537462537463,CAFMDSNYQLIW,ImRex,FALSE,FALSE,FALSE,FALSE,FALSE
6px6,APFSEQEQPVLG,CASSHGASTDTQYF,,CAVHTGARLMF,ImRex,,,,,TRUE
6py2,APFSEQEQPVLG,CASSSGGWGGGTEAFF,,CASPQGGSEKLVF,ImRex,,,,,TRUE
6r2l,SLSKILDTV,CASSPLDVSISSYNEQFF,46.1538461538462,CAVGGNDWNTDKLIF,ImRex,FALSE,FALSE,FALSE,FALSE,FALSE
6rp9,SLLMWITQV,CASSSPGGVSTEAFF,51.2487512487513,CALTRGPGNQFYF,ImRex,FALSE,FALSE,FALSE,TRUE,FALSE
6rpa,SLLMWITQV,CSVGGSGGADTQYF,47.6523476523477,CAVRDINSGAGSYQLTF,ImRex,FALSE,FALSE,FALSE,FALSE,FALSE
6rpb,SLLMWITQV,CASSYLNRDSALDF,54.945054945055,CAVKSGGSYIPTF,ImRex,FALSE,FALSE,FALSE,TRUE,FALSE
6rsy,RMFPNAPYL,CASSLGFGRDVMRF,55.944055944056,CIGGGTTSGTYKYIF,ImRex,FALSE,FALSE,FALSE,TRUE,FALSE
6tro,GVYDGREHTV,CASSFLMTSGDPYEQYF,49.6503496503497,CVVNHSGGSYIPTF,ImRex,FALSE,FALSE,FALSE,FALSE,FALSE
6u3n,APMPMPELPYP,CASSLEGQGASEQFF,97.9020979020979,CAVGAGSNYQLIW,ImRex,FALSE,FALSE,FALSE,TRUE,FALSE
6ulr,GADGVGKSA,CASSLGEGRVDGYTF,13.0869130869131,CLVGDMDQAGTALIF,ImRex,FALSE,FALSE,TRUE,FALSE,FALSE
6uon,GADGVGKSAL,CASSDPGTEAFF,76.6233766233766,CAAAMDSSYKLIF,ImRex,FALSE,FALSE,FALSE,TRUE,FALSE
6v0y,GGYAPAKAAAT,CASSLDWGGQNTLYF,7.19280719280719,CALSDSGSFNKLTF,ImRex,FALSE,TRUE,TRUE,FALSE,FALSE
6v13,GGYRAPAKAAAT,CASSLDWGVNTLYF,,CALSPSNTNKVVF,ImRex,,,,,TRUE
6vm7,ITDQVPFSV,CASSITLSSYNEQFF,29.0709290709291,CAVNARRNTPLVF,ImRex,FALSE,FALSE,FALSE,FALSE,FALSE
6vma,ITDQVPFSV,CASSMGGTYEQYF,0.2997002997003,CAVNALLGNQFYF,ImRex,TRUE,TRUE,TRUE,FALSE,FALSE
6vmx,RPPIFIRRL,CASSQDLFTGGYTF,0.1998001998002,CAFGSSNTGKLIF,ImRex,TRUE,TRUE,TRUE,FALSE,FALSE
6vqo,HMTEVVRHC,CASSIQQGADTQYF,6.49350649350649,CAMSGLKEDSSYKLIF,ImRex,FALSE,TRUE,TRUE,FALSE,FALSE
6vrm,HMTEVVRHC,CASSEGLWQVGDEQYF,3.7962037962038,CVVQPGGYQKVTF,ImRex,FALSE,TRUE,TRUE,FALSE,FALSE
6vrn,HMTEVVRHC,CAISELVTGDSPLHF,82.6173826173826,CAFMGYSGAGSYQLTF,ImRex,FALSE,FALSE,FALSE,TRUE,FALSE
7jwj,ASNENMETM,CASSRGTIHSNTEVFF,36.4635364635365,CAAVTGNTGKLIF,ImRex,FALSE,FALSE,FALSE,FALSE,FALSE
7n1e,RLQSLQTYV,CASSLGGAGGADTQYF,15.8841158841159,CALSGFNNAGNMLTF,ImRex,FALSE,FALSE,TRUE,FALSE,FALSE
7n1f,YLQPRTFLL,CASSPDIEQYF,75.9240759240759,CAVNRDDKIIF,ImRex,FALSE,FALSE,FALSE,TRUE,FALSE
7n6e,YLQPRTFLL,CAGQVTNTGELFF,46.2537462537463,CVVNRNNDMRF,ImRex,FALSE,FALSE,FALSE,FALSE,FALSE
